,match_id,player1,player2,elapsed_time,set_no,game_no,point_no,p1_sets,p2_sets,p1_games,p2_games,p1_score,p2_score,server,serve_no,point_victor,p1_points_won,p2_points_won,game_victor,set_victor,p1_ace,p2_ace,p1_winner,p2_winner,winner_shot_type,p1_double_fault,p2_double_fault,p1_unf_err,p2_unf_err,p1_net_pt,p2_net_pt,p1_net_pt_won,p2_net_pt_won,p1_break_pt,p2_break_pt,p1_break_pt_won,p2_break_pt_won,p1_break_pt_missed,p2_break_pt_missed,p1_distance_run,p2_distance_run,rally_count,speed_mph,serve_width,serve_depth,return_depth,if_ace,move_1,move_2,win1_mean,win2_mean,ss
0,2023-wimbledon-1301,Carlos Alcaraz,Nicolas Jarry,00:00:00,1,1,1,0,0,0,0,0,0,1,2,2,0,1,0,0,0,0,0,0,0,0,0,1,0,0,0,0,0,0,0,0,0,0,0,6.0,7.84,2,95.0,1,1,1,0,2.449489742783178,2.8,,,
1,2023-wimbledon-1301,Carlos Alcaraz,Nicolas Jarry,00:00:38,1,1,2,0,0,0,0,0,15,1,1,1,1,1,0,0,0,0,0,0,0,0,0,0,0,0,0,0,0,0,0,0,0,0,0,5.253,7.094,1,118.0,2,2,1,0,2.291942407653386,2.6634564009947677,,,
2,2023-wimbledon-1301,Carlos Alcaraz,Nicolas Jarry,00:01:01,1,1,3,0,0,0,0,15,15,1,1,2,1,2,0,0,0,0,0,0,0,0,0,1,0,0,0,0,0,0,0,0,0,0,0,13.8,19.808,4,120.0,2,1,2,0,3.714835124201342,4.4506179346243595,,,
3,2023-wimbledon-1301,Carlos Alcaraz,Nicolas Jarry,00:01:31,1,1,4,0,0,0,0,15,30,1,1,1,2,2,0,0,0,0,1,0,F,0,0,0,0,0,1,0,0,0,0,0,0,0,0,51.108,75.631,13,130.0,4,2,2,0,7.1489859420759805,8.696608534365566,,,
4,2023-wimbledon-1301,Carlos Alcaraz,Nicolas Jarry,00:02:21,1,1,5,0,0,0,0,30,30,1,1,1,3,2,0,0,1,0,1,0,0,0,0,0,0,0,0,0,0,0,0,0,0,0,0,0.649,0.813,1,112.0,4,1,1,1,0.8056053624449132,0.901665126307988,,,
5,2023-wimbledon-1301,Carlos Alcaraz,Nicolas Jarry,00:02:50,1,1,6,0,0,0,0,40,30,1,2,2,3,3,0,0,0,0,0,0,0,0,0,0,0,0,0,0,0,0,0,0,0,0,0,5.291,4.249,2,97.0,4,1,1,0,2.3002173810316275,2.0613102629153137,0.6,0.4,
6,2023-wimbledon-1301,Carlos Alcaraz,Nicolas Jarry,00:03:33,1,1,7,0,0,0,0,40,40,1,1,1,4,3,0,0,1,0,1,0,0,0,0,0,0,0,0,0,0,0,0,0,0,0,0,6.817,17.821,1,109.0,4,2,2,1,2.6109385285755007,4.221492627021869,0.6,0.4,
7,2023-wimbledon-1301,Carlos Alcaraz,Nicolas Jarry,00:04:01,1,1,8,0,0,0,0,AD,40,1,2,2,4,4,0,0,0,0,0,1,F,0,0,0,0,0,1,0,1,0,0,0,0,0,0,17.503,18.067,6,105.0,2,1,1,0,4.18365868588727,4.250529378795069,0.6,0.4,4.671760461471431
8,2023-wimbledon-1301,Carlos Alcaraz,Nicolas Jarry,00:04:48,1,1,9,0,0,0,0,40,40,1,1,1,5,4,0,0,0,0,0,0,0,0,0,0,0,1,0,1,0,0,0,0,0,0,0,34.489,24.594,7,128.0,1,2,2,0,5.8727336054004695,4.959233811789882,0.6,0.4,4.86082178551003
9,2023-wimbledon-1301,Carlos Alcaraz,Nicolas Jarry,00:05:32,1,1,10,0,0,0,0,AD,40,1,1,1,6,4,1,0,0,0,0,0,0,0,0,0,0,0,0,0,0,0,0,0,0,0,0,21.235,27.427,5,110.0,2,1,1,0,4.608144962997583,5.237079338715426,0.6,0.4,4.925442407286305
10,2023-wimbledon-1301,Carlos Alcaraz,Nicolas Jarry,00:07:05,1,2,11,0,0,1,0,0,0,2,1,2,6,5,0,0,0,1,0,1,0,0,0,0,0,0,0,0,0,0,0,0,0,0,0,5.785,4.915,1,112.0,4,2,2,1,2.405202694161139,2.2169799277395366,0.6,0.4,5.126137441525533
11,2023-wimbledon-1301,Carlos Alcaraz,Nicolas Jarry,00:07:28,1,2,12,0,0,1,0,0,15,2,1,1,7,5,0,0,0,0,0,0,0,0,0,0,0,0,0,0,0,0,0,0,0,0,0,19.744,18.244,4,130.0,4,1,2,0,4.443422104639621,4.271299568047177,0.6,0.4,5.243161544001143
12,2023-wimbledon-1301,Carlos Alcaraz,Nicolas Jarry,00:08:06,1,2,13,0,0,1,0,15,15,2,1,1,8,5,0,0,0,0,0,0,0,0,0,0,1,0,0,0,0,0,0,0,0,0,0,26.013,18.626,4,120.0,3,1,2,0,5.100294109166647,4.3157849807422055,0.8,0.2,5.207069161986331
13,2023-wimbledon-1301,Carlos Alcaraz,Nicolas Jarry,00:08:41,1,2,14,0,0,1,0,30,15,2,1,2,8,6,0,0,0,0,0,1,F,0,0,0,0,0,0,0,0,0,0,0,0,0,0,10.667,7.112,3,128.0,4,1,1,0,3.2660373543485384,2.6668333281253256,0.6,0.4,5.738744469094712
14,2023-wimbledon-1301,Carlos Alcaraz,Nicolas Jarry,00:09:11,1,2,15,0,0,1,0,30,30,2,1,2,8,7,0,0,0,0,0,0,0,0,0,0,0,0,0,0,0,0,0,0,0,0,0,3.399,2.237,1,130.0,3,1,1,0,1.8436377084449103,1.4956603892595404,0.4,0.6,5.925727761396246
15,2023-wimbledon-1301,Carlos Alcaraz,Nicolas Jarry,00:09:37,1,2,16,0,0,1,0,30,40,2,2,1,9,7,0,0,0,0,0,0,0,0,0,0,0,0,0,0,0,0,0,0,0,0,0,5.3,4.307,2,97.0,4,1,2,0,2.3021728866442674,2.07533129885327,0.6,0.4,5.841851630833164
16,2023-wimbledon-1301,Carlos Alcaraz,Nicolas Jarry,00:10:20,1,2,17,0,0,1,0,40,40,2,1,2,9,8,0,0,0,0,0,0,0,0,0,0,0,0,0,0,0,0,0,0,0,0,0,5.245,5.499,1,124.0,1,1,1,0,2.2901964981197573,2.3449946695035364,0.4,0.6,6.009421855621818
17,2023-wimbledon-1301,Carlos Alcaraz,Nicolas Jarry,00:10:45,1,2,18,0,0,1,0,40,AD,2,1,2,9,9,2,0,0,0,0,1,F,0,0,0,0,0,1,0,1,0,0,0,0,0,0,15.194,16.594,3,116.0,3,1,1,0,3.897948178208633,4.073573369905101,0.2,0.8,5.957111056425044
18,2023-wimbledon-1301,Carlos Alcaraz,Nicolas Jarry,00:11:24,1,3,19,0,0,1,1,0,0,1,1,1,10,9,0,0,1,0,1,0,0,0,0,0,0,0,0,0,0,0,0,0,0,0,0,0.899,1.073,1,126.0,3,2,1,1,0.9481561052906847,1.0358571330062847,0.4,0.6,5.925177597436914
19,2023-wimbledon-1301,Carlos Alcaraz,Nicolas Jarry,00:11:47,1,3,20,0,0,1,1,15,0,1,1,1,11,9,0,0,0,0,0,0,0,0,0,0,0,0,0,0,0,0,0,0,0,0,0,18.088,34.756,5,127.0,4,2,2,0,4.252998941923217,5.895421952668019,0.6,0.4,5.624956464125907
20,2023-wimbledon-1301,Carlos Alcaraz,Nicolas Jarry,00:12:17,1,3,21,0,0,1,1,30,0,1,1,2,11,10,0,0,0,0,0,0,0,0,0,0,0,0,0,0,0,0,0,0,0,0,0,7.288,10.818,2,114.0,4,1,2,0,2.699629604223513,3.289072817679779,0.4,0.6,5.303608999269027
21,2023-wimbledon-1301,Carlos Alcaraz,Nicolas Jarry,00:12:44,1,3,22,0,0,1,1,30,15,1,1,1,12,10,0,0,0,0,0,0,0,0,0,0,1,0,0,0,0,0,0,0,0,0,0,42.166,32.944,9,127.0,2,1,1,0,6.4935352466895875,5.739686402583333,0.6,0.4,5.116657907241689
22,2023-wimbledon-1301,Carlos Alcaraz,Nicolas Jarry,00:13:26,1,3,23,0,0,1,1,40,15,1,2,1,13,10,1,0,0,0,0,0,0,0,0,0,0,0,0,0,0,0,0,0,0,0,0,3.782,4.479,1,103.0,1,1,2,0,1.9447364860052376,2.1163648078722157,0.8,0.2,4.9267869814995855
23,2023-wimbledon-1301,Carlos Alcaraz,Nicolas Jarry,00:15:31,1,4,24,0,0,2,1,0,0,2,2,2,13,11,0,0,0,0,0,0,0,0,0,1,0,0,0,0,0,0,0,0,0,0,0,12.601,13.713,3,107.0,1,1,1,0,3.549788726107513,3.703106803752762,0.6,0.4,4.886273905189057
24,2023-wimbledon-1301,Carlos Alcaraz,Nicolas Jarry,00:16:15,1,4,25,0,0,2,1,0,15,2,1,2,13,12,0,0,0,0,0,0,0,0,0,0,0,0,0,0,0,0,0,0,0,0,0,14.925,13.976,3,111.0,4,1,1,0,3.863288754416372,3.7384488762052106,0.4,0.6,4.905649614030838
25,2023-wimbledon-1301,Carlos Alcaraz,Nicolas Jarry,00:16:47,1,4,26,0,0,2,1,0,30,2,1,2,13,13,0,0,0,1,0,1,0,0,0,0,0,0,0,0,0,0,0,0,0,0,0,0.903,1.067,1,125.0,3,1,1,1,0.950263121456368,1.0329569206893383,0.4,0.6,4.9086310033426015
26,2023-wimbledon-1301,Carlos Alcaraz,Nicolas Jarry,00:17:08,1,4,27,0,0,2,1,0,40,2,1,2,13,14,2,0,0,0,0,1,F,0,0,0,0,0,0,0,0,0,0,0,0,0,0,20.027,7.402,3,126.0,4,1,1,0,4.475153628647848,2.7206616842231597,0.2,0.8,5.534436494977424
27,2023-wimbledon-1301,Carlos Alcaraz,Nicolas Jarry,00:17:49,1,5,28,0,0,2,2,0,0,1,1,1,14,14,0,0,0,0,1,0,F,0,0,0,0,0,0,0,0,0,0,0,0,0,0,15.352,29.366,5,116.0,4,2,1,0,3.9181628347989825,5.4190405054769615,0.2,0.8,5.593149103434611
28,2023-wimbledon-1301,Carlos Alcaraz,Nicolas Jarry,00:18:25,1,5,29,0,0,2,2,15,0,1,1,1,15,14,0,0,0,0,0,0,0,0,0,0,0,0,0,0,0,0,0,0,0,0,0,4.285,8.276,1,129.0,3,1,1,0,2.0700241544484452,2.876803781977492,0.4,0.6,5.314161453618585
29,2023-wimbledon-1301,Carlos Alcaraz,Nicolas Jarry,00:18:50,1,5,30,0,0,2,2,30,0,1,1,1,16,14,0,0,0,0,0,0,0,0,0,0,0,1,0,1,0,0,0,0,0,0,0,11.974,12.523,3,110.0,1,1,1,0,3.4603468034288123,3.5387851022632044,0.6,0.4,5.386745177427292
30,2023-wimbledon-1301,Carlos Alcaraz,Nicolas Jarry,00:19:20,1,5,31,0,0,2,2,40,0,1,2,2,16,15,0,0,0,0,0,0,0,0,0,1,0,0,0,0,0,0,0,0,0,0,0,5.609,6.965,2,113.0,1,1,1,0,2.3683327468917876,2.6391286440793293,0.6,0.4,5.377516853456585
31,2023-wimbledon-1301,Carlos Alcaraz,Nicolas Jarry,00:20:03,1,5,32,0,0,2,2,40,15,1,2,2,16,16,0,0,0,0,0,0,0,0,0,0,0,0,0,0,0,0,0,0,0,0,0,8.518,12.74,2,104.0,1,1,2,0,2.9185612894027084,3.5693136595149495,0.6,0.4,5.240095510477431
32,2023-wimbledon-1301,Carlos Alcaraz,Nicolas Jarry,00:20:55,1,5,33,0,0,2,2,40,30,1,1,2,16,17,0,0,0,0,0,0,0,0,0,1,0,0,0,0,0,0,0,0,0,0,0,8.859,11.439,2,111.0,2,2,2,0,2.9764072302022115,3.382159073727905,0.4,0.6,5.248920979996921
33,2023-wimbledon-1301,Carlos Alcaraz,Nicolas Jarry,00:21:27,1,5,34,0,0,2,2,40,40,1,2,1,17,17,0,0,0,0,0,0,0,0,0,0,0,1,0,1,0,0,0,0,0,0,0,30.782,25.6,5,97.0,3,2,2,0,5.54815284576768,5.059644256269407,0.4,0.6,4.583422339988686
34,2023-wimbledon-1301,Carlos Alcaraz,Nicolas Jarry,00:22:19,1,5,35,0,0,2,2,AD,40,1,1,1,18,17,1,0,0,0,0,0,0,0,0,0,0,1,0,1,0,0,0,0,0,0,0,6.824,9.574,1,114.0,3,1,2,0,2.6122786987609112,3.0941881002938394,0.4,0.6,4.722983688665132
35,2023-wimbledon-1301,Carlos Alcaraz,Nicolas Jarry,00:24:22,1,6,36,0,0,3,2,0,0,2,1,2,18,18,0,0,0,0,0,0,0,0,0,0,0,0,0,0,0,0,0,0,0,0,0,7.809,6.11,1,110.0,4,2,1,0,2.7944588027022337,2.471841418861655,0.4,0.6,5.0419167998687735
36,2023-wimbledon-1301,Carlos Alcaraz,Nicolas Jarry,00:24:53,1,6,37,0,0,3,2,0,15,2,2,1,19,18,0,0,0,0,0,0,0,0,0,0,1,0,0,0,0,0,0,0,0,0,0,29.094,29.593,6,90.0,4,1,1,0,5.393885427036803,5.439944852661652,0.6,0.4,5.030184920430686
37,2023-wimbledon-1301,Carlos Alcaraz,Nicolas Jarry,00:26:05,1,6,38,0,0,3,2,15,15,2,1,2,19,19,0,0,0,0,0,0,0,0,0,0,0,0,0,0,0,0,0,0,0,0,0,6.815,5.189,1,125.0,3,1,2,0,2.6105554964413225,2.2779376637651874,0.6,0.4,5.192969061343159
38,2023-wimbledon-1301,Carlos Alcaraz,Nicolas Jarry,00:26:30,1,6,39,0,0,3,2,15,30,2,1,2,19,20,0,0,0,0,0,0,0,0,0,0,0,0,0,0,0,0,0,0,0,0,0,2.678,2.617,1,127.0,2,1,1,0,1.6364595931461308,1.617714437099453,0.4,0.6,5.383831191864445
39,2023-wimbledon-1301,Carlos Alcaraz,Nicolas Jarry,00:26:56,1,6,40,0,0,3,2,15,40,2,2,2,19,21,2,0,0,0,0,0,0,0,0,0,0,0,0,0,0,0,0,0,0,0,0,5.043,4.667,1,111.0,4,1,1,0,2.245662485771181,2.1603240497666083,0.2,0.8,5.540951553946857
40,2023-wimbledon-1301,Carlos Alcaraz,Nicolas Jarry,00:27:42,1,7,41,0,0,3,3,0,0,1,2,1,20,21,0,0,0,0,1,0,B,0,0,0,0,0,1,0,0,0,0,0,0,0,0,34.233,32.677,9,107.0,4,1,1,0,5.8508973670711395,5.7163799733747584,0.4,0.6,5.466598808303191
41,2023-wimbledon-1301,Carlos Alcaraz,Nicolas Jarry,00:28:37,1,7,42,0,0,3,3,15,0,1,1,1,21,21,0,0,0,0,0,0,0,0,0,0,1,0,1,0,0,0,0,0,0,0,0,9.872,19.138,3,120.0,3,1,1,0,3.141973901864877,4.374699989713581,0.4,0.6,5.489993475848905
42,2023-wimbledon-1301,Carlos Alcaraz,Nicolas Jarry,00:29:06,1,7,43,0,0,3,3,30,0,1,1,1,22,21,0,0,0,0,1,0,F,0,0,0,0,0,0,0,0,0,0,0,0,0,0,6.277,11.043,3,115.0,4,2,1,0,2.5053941805632105,3.3231009614515172,0.6,0.4,5.220999401162125
43,2023-wimbledon-1301,Carlos Alcaraz,Nicolas Jarry,00:29:32,1,7,44,0,0,3,3,40,0,1,2,2,22,22,0,0,0,0,0,0,0,0,0,0,0,0,0,0,0,0,0,0,0,0,0,18.076,18.664,6,104.0,4,1,2,0,4.251587938641279,4.320185181216194,0.6,0.4,5.207923960104935
44,2023-wimbledon-1301,Carlos Alcaraz,Nicolas Jarry,00:30:17,1,7,45,0,0,3,3,40,15,1,2,1,23,22,1,0,0,0,0,0,0,0,0,0,0,0,1,0,0,0,0,0,0,0,0,31.727,25.324,5,101.0,2,1,2,0,5.6326725450713,5.032295698784005,0.8,0.2,5.099915913840358
45,2023-wimbledon-1301,Carlos Alcaraz,Nicolas Jarry,00:32:34,1,8,46,0,0,4,3,0,0,2,1,2,23,23,0,0,0,0,0,0,0,0,0,0,0,0,0,0,0,0,0,0,0,0,0,5.879,4.853,1,132.0,3,2,2,0,2.424664925304113,2.202952564173818,0.6,0.4,5.118445765146229
46,2023-wimbledon-1301,Carlos Alcaraz,Nicolas Jarry,00:32:57,1,8,47,0,0,4,3,0,15,2,2,1,24,23,0,0,0,0,0,0,0,0,1,0,1,0,0,0,0,0,0,0,0,0,0,0.929,0.93,0,123.0,4,2,1,0,0.9638464608017192,0.9643650760992956,0.6,0.4,5.051007839707967
47,2023-wimbledon-1301,Carlos Alcaraz,Nicolas Jarry,00:33:33,1,8,48,0,0,4,3,15,15,2,1,2,24,24,0,0,0,1,0,1,0,0,0,0,0,0,0,0,0,0,0,0,0,0,0,1.427,0.849,1,130.0,3,2,1,1,1.1945710527214362,0.9214119599831554,0.4,0.6,5.162039731340674
48,2023-wimbledon-1301,Carlos Alcaraz,Nicolas Jarry,00:33:58,1,8,49,0,0,4,3,15,30,2,2,1,25,24,0,0,0,0,0,0,0,0,0,0,1,0,0,0,0,0,0,0,0,0,0,17.838,18.464,6,101.0,4,1,2,0,4.2235056528907355,4.296975680638651,0.6,0.4,5.443030029549596
49,2023-wimbledon-1301,Carlos Alcaraz,Nicolas Jarry,00:34:46,1,8,50,0,0,4,3,30,30,2,2,1,26,24,0,0,0,0,1,0,F,0,0,0,0,0,1,0,0,0,0,0,0,0,0,61.781,54.356,16,106.0,2,1,2,0,7.860089058019636,7.3726521686568125,0.6,0.4,5.759800825591029
50,2023-wimbledon-1301,Carlos Alcaraz,Nicolas Jarry,00:36:02,1,8,51,0,0,4,3,40,30,2,2,1,27,24,1,0,0,0,0,0,0,0,0,0,1,0,0,0,0,1,0,1,0,0,0,29.677,19.121,6,106.0,2,1,1,0,5.447660048130757,4.3727565676584375,0.8,0.2,5.956478988257011
51,2023-wimbledon-1301,Carlos Alcaraz,Nicolas Jarry,00:37:18,1,9,52,0,0,5,3,0,0,1,1,1,28,24,0,0,0,0,0,0,0,0,0,0,0,0,0,0,0,0,0,0,0,0,0,3.341,4.725,1,115.0,4,1,2,0,1.827840255602223,2.173706511928416,0.8,0.2,5.79555010173878
52,2023-wimbledon-1301,Carlos Alcaraz,Nicolas Jarry,00:37:44,1,9,53,0,0,5,3,15,0,1,2,2,28,25,0,0,0,0,0,0,0,0,0,0,0,0,0,0,0,0,0,0,0,0,0,5.528,7.524,2,100.0,4,1,2,0,2.3511699215496953,2.7429910681589904,0.8,0.2,5.648239451406758
53,2023-wimbledon-1301,Carlos Alcaraz,Nicolas Jarry,00:38:26,1,9,54,0,0,5,3,15,15,1,1,1,29,25,0,0,0,0,0,0,0,0,0,0,0,0,0,0,0,0,0,0,0,0,0,4.227,6.116,1,122.0,1,1,2,0,2.0559669258040123,2.4730547911439404,0.8,0.2,5.5829287175617655
54,2023-wimbledon-1301,Carlos Alcaraz,Nicolas Jarry,00:38:54,1,9,55,0,0,5,3,30,15,1,1,2,29,26,0,0,0,0,0,0,0,0,0,0,0,1,0,0,0,0,0,0,0,0,0,11.654,11.702,4,115.0,3,1,1,0,3.413795541622257,3.42081861547788,0.6,0.4,5.278433852042487
55,2023-wimbledon-1301,Carlos Alcaraz,Nicolas Jarry,00:39:29,1,9,56,0,0,5,3,30,30,1,1,1,30,26,0,0,0,0,0,0,0,0,0,0,0,1,0,1,0,0,0,0,0,0,0,11.34,11.519,3,129.0,3,1,1,0,3.3674916480965473,3.3939652325856255,0.6,0.4,5.2851560480096715
56,2023-wimbledon-1301,Carlos Alcaraz,Nicolas Jarry,00:40:01,1,9,57,0,0,5,3,40,30,1,1,2,30,27,0,0,0,0,0,0,0,0,0,1,0,1,0,0,0,0,0,0,0,0,0,9.299,8.077,2,113.0,4,1,1,0,3.0494261755287666,2.8420063335608527,0.4,0.6,5.246617316614534
57,2023-wimbledon-1301,Carlos Alcaraz,Nicolas Jarry,00:40:33,1,9,58,0,0,5,3,40,40,1,1,1,31,27,0,0,0,0,0,0,0,0,0,0,0,0,1,0,0,0,0,0,0,0,0,31.428,29.751,7,114.0,4,1,2,0,5.606068140863077,5.454447726397238,0.6,0.4,4.9810438806781345
58,2023-wimbledon-1301,Carlos Alcaraz,Nicolas Jarry,00:41:23,1,9,59,0,0,5,3,AD,40,1,2,2,31,28,0,0,0,0,0,1,F,0,0,0,0,0,1,0,1,0,0,0,0,0,0,16.514,17.962,4,88.0,4,1,1,0,4.06374211780226,4.238159978103705,0.4,0.6,5.0954167093593234
59,2023-wimbledon-1301,Carlos Alcaraz,Nicolas Jarry,00:42:31,1,9,60,0,0,5,3,40,40,1,1,2,31,29,0,0,0,0,0,1,F,0,0,0,0,0,1,0,1,0,0,0,0,0,0,21.882,23.411,6,123.0,1,1,2,0,4.67782000508784,4.838491500457555,0.4,0.6,5.207816792153622
60,2023-wimbledon-1301,Carlos Alcaraz,Nicolas Jarry,00:43:18,1,9,61,0,0,5,3,40,AD,1,1,1,32,29,0,0,0,0,1,0,B,0,0,0,0,0,0,0,0,0,1,0,0,0,1,18.705,28.259,7,121.0,1,1,1,0,4.324927745061181,5.315919487727405,0.4,0.6,5.273361571694577
61,2023-wimbledon-1301,Carlos Alcaraz,Nicolas Jarry,00:43:59,1,9,62,0,0,5,3,40,40,1,1,1,33,29,0,0,0,0,0,0,0,0,0,0,0,0,0,0,0,0,0,0,0,0,0,2.109,3.14,1,130.0,3,1,1,0,1.4522396496446446,1.772004514666935,0.6,0.4,5.1655685626073975
62,2023-wimbledon-1301,Carlos Alcaraz,Nicolas Jarry,00:44:29,1,9,63,0,0,5,3,AD,40,1,1,1,34,29,1,1,0,0,0,0,0,0,0,0,1,1,0,1,0,0,0,0,0,0,0,16.592,19.606,3,132.0,4,1,1,0,4.073327877792309,4.427866303311337,0.6,0.4,5.109982239581869
63,2023-wimbledon-1301,Carlos Alcaraz,Nicolas Jarry,00:47:04,2,1,64,1,0,0,0,0,0,2,1,2,34,30,0,0,0,1,0,1,0,0,0,0,0,0,0,0,0,0,0,0,0,0,0,1.621,0.843,1,123.0,3,1,1,1,1.2731849826321389,0.9181503144910423,0.6,0.4,5.223445863714079
64,2023-wimbledon-1301,Carlos Alcaraz,Nicolas Jarry,00:47:27,2,1,65,1,0,0,0,0,15,2,1,2,34,31,0,0,0,1,0,1,0,0,0,0,0,0,0,0,0,0,0,0,0,0,0,0.896,0.864,1,117.0,3,1,1,1,0.9465727652959386,0.92951600308978,0.6,0.4,5.190045232497367
65,2023-wimbledon-1301,Carlos Alcaraz,Nicolas Jarry,00:47:52,2,1,66,1,0,0,0,0,30,2,1,2,34,32,0,0,0,0,0,0,0,0,0,0,0,0,1,0,1,0,0,0,0,0,0,3.619,3.818,1,123.0,2,1,1,0,1.9023669467271556,1.953970317072396,0.4,0.6,5.203885776174081
66,2023-wimbledon-1301,Carlos Alcaraz,Nicolas Jarry,00:48:17,2,1,67,1,0,0,0,0,40,2,1,2,34,33,2,0,0,0,0,0,0,0,0,0,0,0,0,0,0,0,0,0,0,0,0,9.33,6.471,1,122.0,3,2,1,0,3.054504869860253,2.543816031084009,0.2,0.8,5.3385980022351776
67,2023-wimbledon-1301,Carlos Alcaraz,Nicolas Jarry,00:49:17,2,2,68,1,0,0,1,0,0,1,1,1,35,33,0,0,1,0,1,0,0,0,0,0,0,0,0,0,0,0,0,0,0,0,0,0.827,1.015,1,127.0,3,1,1,1,0.9093954035511725,1.0074720839804943,0.2,0.8,5.487042195442073
68,2023-wimbledon-1301,Carlos Alcaraz,Nicolas Jarry,00:49:38,2,2,69,1,0,0,1,15,0,1,2,1,36,33,0,0,0,0,0,0,0,0,0,0,0,0,0,0,0,0,0,0,0,0,0,2.754,3.715,1,102.0,4,1,1,0,1.6595180023127196,1.9274335267396383,0.4,0.6,5.620256933970245
69,2023-wimbledon-1301,Carlos Alcaraz,Nicolas Jarry,00:50:14,2,2,70,1,0,0,1,30,0,1,2,2,36,34,0,0,0,0,0,1,F,0,0,0,0,0,0,0,0,0,0,0,0,0,0,3.314,3.801,2,111.0,4,1,2,0,1.8204395073717776,1.9496153466773902,0.4,0.6,5.697432951446396
70,2023-wimbledon-1301,Carlos Alcaraz,Nicolas Jarry,00:51:10,2,2,71,1,0,0,1,30,15,1,1,2,36,35,0,0,0,0,0,0,0,0,0,1,0,0,0,0,0,0,0,0,0,0,0,35.48,40.171,12,118.0,1,1,2,0,5.9565090447341715,6.338059639984465,0.4,0.6,5.272315741960153
71,2023-wimbledon-1301,Carlos Alcaraz,Nicolas Jarry,00:51:54,2,2,72,1,0,0,1,30,30,1,1,1,37,35,0,0,1,0,1,0,0,0,0,0,0,0,0,0,0,0,0,0,0,0,0,0.824,1.682,1,126.0,3,1,1,1,0.9077444574328174,1.296919426949878,0.6,0.4,5.074450746790987
72,2023-wimbledon-1301,Carlos Alcaraz,Nicolas Jarry,00:52:21,2,2,73,1,0,0,1,40,30,1,2,2,37,36,0,0,0,0,0,0,0,0,0,1,0,0,0,0,0,0,0,0,0,0,0,11.674,13.243,2,97.0,4,2,1,0,3.4167235767618074,3.639093293665333,0.4,0.6,5.040927563987936
73,2023-wimbledon-1301,Carlos Alcaraz,Nicolas Jarry,00:53:06,2,2,74,1,0,0,1,40,40,1,2,2,37,37,0,0,0,0,0,0,0,0,0,1,0,0,0,0,0,0,0,0,0,0,0,7.494,9.222,2,105.0,1,1,2,0,2.7375171232341176,3.0367746047410233,0.2,0.8,4.733035756245813
74,2023-wimbledon-1301,Carlos Alcaraz,Nicolas Jarry,00:54:11,2,2,75,1,0,0,1,40,AD,1,1,2,37,38,2,0,0,0,0,0,0,0,0,0,0,0,0,0,0,0,1,0,1,0,0,8.235,10.59,2,129.0,2,1,1,0,2.8696689704563485,3.254228019054596,0.2,0.8,4.711192382943755
75,2023-wimbledon-1301,Carlos Alcaraz,Nicolas Jarry,00:54:56,2,3,76,1,0,0,2,0,0,2,1,2,37,39,0,0,0,0,0,0,0,0,0,0,0,0,0,0,0,0,0,0,0,0,0,8.125,7.455,1,126.0,3,2,2,0,2.850438562747845,2.7303845882952094,0.2,0.8,4.824506548038482
76,2023-wimbledon-1301,Carlos Alcaraz,Nicolas Jarry,00:55:20,2,3,77,1,0,0,2,0,15,2,1,2,37,40,0,0,0,0,0,0,0,0,0,0,0,0,0,0,0,0,0,0,0,0,0,9.712,11.06,1,128.0,4,2,1,0,3.1164081889251927,3.3256578296631782,0.0,1.0,4.808797359396523
77,2023-wimbledon-1301,Carlos Alcaraz,Nicolas Jarry,00:55:50,2,3,78,1,0,0,2,0,30,2,1,2,37,41,0,0,0,0,0,1,F,0,0,0,0,0,0,0,0,0,0,0,0,0,0,10.788,5.077,3,108.0,4,1,2,0,3.2845090957401837,2.2532199182503247,0.0,1.0,5.078728240154323
78,2023-wimbledon-1301,Carlos Alcaraz,Nicolas Jarry,00:57:08,2,3,79,1,0,0,2,0,40,2,2,2,37,42,2,0,0,0,0,0,0,0,0,1,0,0,0,0,0,0,0,0,0,0,0,33.044,35.246,7,101.0,4,2,2,0,5.748391079249915,5.936834173193656,0.0,1.0,5.3632419213689895
79,2023-wimbledon-1301,Carlos Alcaraz,Nicolas Jarry,00:59:22,2,4,80,1,0,0,3,0,0,1,2,2,37,43,0,0,0,0,0,0,0,0,0,0,0,0,0,0,0,0,0,0,0,0,0,54.924,44.017,10,106.0,2,1,2,0,7.4110727968358265,6.634530880175327,0.0,1.0,5.497325554197305
80,2023-wimbledon-1301,Carlos Alcaraz,Nicolas Jarry,01:00:17,2,4,81,1,0,0,3,0,15,1,1,1,38,43,0,0,0,0,0,0,0,0,0,0,0,0,0,0,0,0,0,0,0,0,0,6.013,9.173,1,111.0,3,1,1,0,2.452141920852054,3.0286960890785988,0.2,0.8,5.512475590821035
81,2023-wimbledon-1301,Carlos Alcaraz,Nicolas Jarry,01:00:41,2,4,82,1,0,0,3,15,15,1,1,1,39,43,0,0,1,0,1,0,0,0,0,0,0,0,0,0,0,0,0,0,0,0,0,0.761,0.939,1,110.0,4,2,1,1,0.8723531395025755,0.9690201236300513,0.4,0.6,5.601875936001932
82,2023-wimbledon-1301,Carlos Alcaraz,Nicolas Jarry,01:01:21,2,4,83,1,0,0,3,30,15,1,1,2,39,44,0,0,0,0,0,0,0,0,0,0,0,0,0,0,0,0,0,0,0,0,0,57.844,40.876,8,119.0,3,2,2,0,7.605524308027685,6.393434131982592,0.4,0.6,5.685185869423072
83,2023-wimbledon-1301,Carlos Alcaraz,Nicolas Jarry,01:02:05,2,4,84,1,0,0,3,30,30,1,2,2,39,45,0,0,0,0,0,1,B,0,0,0,0,0,1,0,1,0,0,0,0,0,0,12.977,15.558,4,95.0,3,1,1,0,3.602360337334398,3.9443630664531883,0.4,0.6,5.738446463230396
84,2023-wimbledon-1301,Carlos Alcaraz,Nicolas Jarry,01:02:54,2,4,85,1,0,0,3,30,40,1,2,1,40,45,0,0,0,0,0,0,0,0,0,0,1,0,0,0,0,0,1,0,0,0,1,9.419,12.316,3,95.0,2,1,1,0,3.069038937517737,3.509415905816807,0.6,0.4,5.202467040541531
85,2023-wimbledon-1301,Carlos Alcaraz,Nicolas Jarry,01:03:50,2,4,86,1,0,0,3,40,40,1,1,1,41,45,0,0,0,0,0,0,0,0,0,0,1,0,0,0,0,0,0,0,0,0,0,14.306,18.004,3,102.0,4,2,1,0,3.782327325866972,4.243112065453846,0.6,0.4,5.160803576163246
86,2023-wimbledon-1301,Carlos Alcaraz,Nicolas Jarry,01:04:21,2,4,87,1,0,0,3,AD,40,1,2,1,42,45,1,0,0,0,0,0,0,0,0,0,0,0,0,0,0,0,0,0,0,0,0,46.74,38.948,11,120.0,2,1,2,0,6.836665854054885,6.240833277696177,0.6,0.4,5.066499980293141
87,2023-wimbledon-1301,Carlos Alcaraz,Nicolas Jarry,01:05:38,2,5,88,1,0,1,3,0,0,2,1,2,42,46,0,0,0,0,0,1,F,0,0,0,0,0,0,0,0,0,0,0,0,0,0,31.199,15.177,5,113.0,4,2,2,0,5.585606502431047,3.8957669334804925,0.6,0.4,5.491872022128947
88,2023-wimbledon-1301,Carlos Alcaraz,Nicolas Jarry,01:06:16,2,5,89,1,0,1,3,0,15,2,1,2,42,47,0,0,0,0,0,0,0,0,0,0,0,0,1,0,1,0,0,0,0,0,0,11.273,7.428,1,128.0,4,1,2,0,3.3575288531895002,2.7254357449773052,0.6,0.4,5.746181233413345
89,2023-wimbledon-1301,Carlos Alcaraz,Nicolas Jarry,01:06:46,2,5,90,1,0,1,3,0,30,2,2,1,43,47,0,0,0,0,1,0,B,0,0,0,0,0,1,0,0,0,0,0,0,0,0,22.467,16.135,6,111.0,3,1,1,0,4.739936708438204,4.016839553678987,0.6,0.4,5.678345928214723
90,2023-wimbledon-1301,Carlos Alcaraz,Nicolas Jarry,01:07:42,2,5,91,1,0,1,3,15,30,2,1,1,44,47,0,0,0,0,0,0,0,0,0,0,1,0,0,0,0,0,0,0,0,0,0,36.689,27.317,8,131.0,4,1,2,0,6.057144541778741,5.226566750745656,0.6,0.4,5.895734979453145
91,2023-wimbledon-1301,Carlos Alcaraz,Nicolas Jarry,01:08:26,2,5,92,1,0,1,3,30,30,2,1,1,45,47,0,0,0,0,0,0,0,0,0,0,1,0,0,0,0,0,0,0,0,0,0,39.829,32.608,10,134.0,3,1,2,0,6.311022104223689,5.710341495917735,0.6,0.4,6.147193233504425
92,2023-wimbledon-1301,Carlos Alcaraz,Nicolas Jarry,01:09:19,2,5,93,1,0,1,3,40,30,2,1,2,45,48,0,0,0,0,0,0,0,0,0,0,0,0,1,0,1,1,0,0,0,1,0,30.783,24.947,5,123.0,2,1,1,0,5.5482429651196785,4.994697188018509,0.6,0.4,6.408400799495098
93,2023-wimbledon-1301,Carlos Alcaraz,Nicolas Jarry,01:10:24,2,5,94,1,0,1,3,40,40,2,2,1,46,48,0,0,0,0,0,0,0,0,0,0,0,0,0,0,0,0,0,0,0,0,0,39.903,38.624,10,107.0,3,1,1,0,6.316882142323062,6.214820995008625,0.8,0.2,6.417964159088754
94,2023-wimbledon-1301,Carlos Alcaraz,Nicolas Jarry,01:11:30,2,5,95,1,0,1,3,AD,40,2,1,2,46,49,0,0,0,0,0,0,0,0,0,0,0,0,1,0,1,1,0,0,0,1,0,26.961,12.75,3,118.0,4,2,1,0,5.192398289807899,3.570714214271425,0.6,0.4,6.303458025420924
95,2023-wimbledon-1301,Carlos Alcaraz,Nicolas Jarry,01:12:08,2,5,96,1,0,1,3,40,40,2,1,2,46,50,0,0,0,0,0,0,0,0,0,0,0,0,0,0,0,0,0,0,0,0,0,6.211,4.663,1,131.0,3,1,1,0,2.49218779388713,2.1593980642762465,0.4,0.6,6.230154058338144
96,2023-wimbledon-1301,Carlos Alcaraz,Nicolas Jarry,01:12:37,2,5,97,1,0,1,3,40,AD,2,1,2,46,51,2,0,0,0,0,1,F,0,0,0,0,0,1,0,1,0,0,0,0,0,0,20.629,16.426,5,129.0,4,1,1,0,4.541915895302334,4.052900196155834,0.2,0.8,6.187733726947683
97,2023-wimbledon-1301,Carlos Alcaraz,Nicolas Jarry,01:14:48,2,6,98,1,0,1,4,0,0,1,2,2,46,52,0,0,0,0,0,0,0,0,0,0,0,0,0,0,0,0,0,0,0,0,0,6.367,14.617,2,115.0,3,1,1,0,2.523291501194422,3.823218539398448,0.2,0.8,5.904248994821495
98,2023-wimbledon-1301,Carlos Alcaraz,Nicolas Jarry,01:15:27,2,6,99,1,0,1,4,0,15,1,1,1,47,52,0,0,0,0,0,0,0,0,0,0,0,0,0,0,0,0,0,0,0,0,0,4.716,6.076,1,109.0,3,1,1,0,2.1716353285024628,2.464954360632261,0.2,0.8,5.77626695442858
99,2023-wimbledon-1301,Carlos Alcaraz,Nicolas Jarry,01:15:55,2,6,100,1,0,1,4,15,15,1,2,2,47,53,0,0,0,0,0,0,0,0,0,1,0,0,0,0,0,0,0,0,0,0,0,5.607,6.246,2,91.0,3,1,1,0,2.367910471280534,2.4991998719590236,0.2,0.8,5.666804948321628
100,2023-wimbledon-1301,Carlos Alcaraz,Nicolas Jarry,01:16:53,2,6,101,1,0,1,4,15,30,1,1,1,48,53,0,0,0,0,0,0,0,0,0,0,0,0,0,0,0,0,0,0,0,0,0,2.576,4.202,1,126.0,4,1,1,0,1.6049922118191104,2.0498780451529304,0.4,0.6,5.557386935371215
101,2023-wimbledon-1301,Carlos Alcaraz,Nicolas Jarry,01:17:22,2,6,102,1,0,1,4,30,30,1,1,1,49,53,0,0,0,0,0,0,0,0,0,0,0,0,0,0,0,0,0,0,0,0,0,12.352,19.512,1,108.0,2,1,2,0,3.5145412218382073,4.4172389566334305,0.6,0.4,4.962666223639897
102,2023-wimbledon-1301,Carlos Alcaraz,Nicolas Jarry,01:17:48,2,6,103,1,0,1,4,40,30,1,1,2,49,54,0,0,0,0,0,1,F,0,0,0,0,0,0,0,0,0,0,0,0,0,0,29.38,47.896,10,97.0,4,1,2,0,5.420332093147061,6.920693606857625,0.6,0.4,4.631508993996652
103,2023-wimbledon-1301,Carlos Alcaraz,Nicolas Jarry,01:18:30,2,6,104,1,0,1,4,40,40,1,1,1,50,54,0,0,0,0,1,0,B,0,0,0,0,1,0,1,0,0,0,0,0,0,0,7.675,16.449,3,127.0,3,1,1,0,2.7703790354390136,4.05573667784288,0.6,0.4,4.247514820866938
104,2023-wimbledon-1301,Carlos Alcaraz,Nicolas Jarry,01:19:01,2,6,105,1,0,1,4,AD,40,1,2,1,51,54,1,0,0,0,1,0,0,0,0,0,0,0,0,0,0,0,0,0,0,0,0,0.75,1.157,1,121.0,3,1,1,0,0.8660254037844386,1.0756393447619885,0.8,0.2,4.400748464000451
105,2023-wimbledon-1301,Carlos Alcaraz,Nicolas Jarry,01:19:57,2,7,106,1,0,2,4,0,0,2,1,1,52,54,0,0,0,0,0,0,0,0,0,0,1,0,0,0,0,0,0,0,0,0,0,17.854,13.776,4,118.0,1,1,2,0,4.225399389406876,3.7116034270918545,0.8,0.2,4.514332466767322
106,2023-wimbledon-1301,Carlos Alcaraz,Nicolas Jarry,01:20:31,2,7,107,1,0,2,4,15,0,2,1,2,52,55,0,0,0,0,0,0,0,0,0,1,0,0,0,0,0,0,0,0,0,0,0,17.377,13.994,3,128.0,4,1,2,0,4.168572897287512,3.7408555171243916,0.6,0.4,4.552565606666825
107,2023-wimbledon-1301,Carlos Alcaraz,Nicolas Jarry,01:21:06,2,7,108,1,0,2,4,15,15,2,1,2,52,56,0,0,0,0,0,0,0,0,0,1,0,0,0,0,0,0,0,0,0,0,0,14.452,17.608,3,132.0,3,1,2,0,3.8015786194684966,4.196188746946448,0.6,0.4,4.657946326605957
108,2023-wimbledon-1301,Carlos Alcaraz,Nicolas Jarry,01:21:41,2,7,109,1,0,2,4,15,30,2,1,2,52,57,0,0,0,0,0,1,F,0,0,0,0,0,1,0,1,0,0,0,0,0,0,13.127,10.798,3,125.0,4,2,1,0,3.623120202256613,3.286031040632453,0.4,0.6,4.870913720446945
109,2023-wimbledon-1301,Carlos Alcaraz,Nicolas Jarry,01:22:15,2,7,110,1,0,2,4,15,40,2,1,1,53,57,0,0,0,0,0,0,0,0,0,0,0,0,0,0,0,0,0,0,0,0,0,40.298,14.758,2,108.0,4,1,1,0,6.348070573016655,3.8416142440385657,0.4,0.6,5.429242190239444
110,2023-wimbledon-1301,Carlos Alcaraz,Nicolas Jarry,01:22:46,2,7,111,1,0,2,4,30,40,2,2,1,54,57,0,0,0,0,0,0,0,0,0,0,1,0,1,0,0,0,0,0,0,0,0,50.075,39.635,8,98.0,4,1,1,0,7.076369125476709,6.2956334073705404,0.4,0.6,5.855257707974548
111,2023-wimbledon-1301,Carlos Alcaraz,Nicolas Jarry,01:23:58,2,7,112,1,0,2,4,40,40,2,2,1,55,57,0,0,0,0,0,0,0,0,0,0,1,0,0,0,0,0,0,0,0,0,0,33.142,28.309,8,115.0,1,1,2,0,5.756908892800024,5.3206202645932175,0.6,0.4,6.165905228896512
112,2023-wimbledon-1301,Carlos Alcaraz,Nicolas Jarry,01:25:01,2,7,113,1,0,2,4,AD,40,2,1,2,55,58,0,0,0,0,0,0,0,0,0,0,0,0,0,0,0,1,0,0,0,1,0,11.436,5.977,1,120.0,3,2,1,0,3.3817155409643784,2.4447903795622232,0.6,0.4,6.311022291773281
113,2023-wimbledon-1301,Carlos Alcaraz,Nicolas Jarry,01:25:32,2,7,114,1,0,2,4,40,40,2,1,2,55,59,0,0,0,0,0,1,F,0,0,0,0,0,1,0,1,0,0,0,0,0,0,32.537,26.376,7,130.0,3,1,2,0,5.704121317082938,5.135757003597425,0.6,0.4,6.343297231446941
114,2023-wimbledon-1301,Carlos Alcaraz,Nicolas Jarry,01:26:17,2,7,115,1,0,2,4,40,AD,2,1,1,56,59,0,0,0,0,0,0,0,0,0,0,1,0,1,0,0,0,0,0,0,0,0,15.161,12.446,4,124.0,4,1,2,0,3.893712881042977,3.5278888871391625,0.6,0.4,6.604078078699231
115,2023-wimbledon-1301,Carlos Alcaraz,Nicolas Jarry,01:26:59,2,7,116,1,0,2,4,40,40,2,2,1,57,59,0,0,0,0,0,0,0,0,0,0,0,0,1,0,0,0,0,0,0,0,0,26.033,22.001,6,113.0,2,2,1,0,5.102254403692548,4.690522358970267,0.6,0.4,6.665668385926672
116,2023-wimbledon-1301,Carlos Alcaraz,Nicolas Jarry,01:28:28,2,7,117,1,0,2,4,AD,40,2,1,1,58,59,1,0,0,0,0,0,0,0,0,0,1,0,0,0,0,1,0,1,0,0,0,9.834,6.693,2,130.0,4,1,1,0,3.135920917370207,2.587083299779889,0.6,0.4,6.198766056401276
117,2023-wimbledon-1301,Carlos Alcaraz,Nicolas Jarry,01:30:29,2,8,118,1,0,3,4,0,0,1,1,1,59,59,0,0,0,0,0,0,0,0,0,0,0,0,0,0,0,0,0,0,0,0,0,2.388,3.901,1,109.0,4,2,1,0,1.5453155017665485,1.9750949344272035,0.8,0.2,6.023873930585989
118,2023-wimbledon-1301,Carlos Alcaraz,Nicolas Jarry,01:30:48,2,8,119,1,0,3,4,15,0,1,2,1,60,59,0,0,0,0,0,0,0,0,0,0,0,0,0,0,0,0,0,0,0,0,0,3.157,3.993,1,91.0,4,1,2,0,1.7767948671695335,1.9982492337043445,1.0,0.0,5.9379783454861546
119,2023-wimbledon-1301,Carlos Alcaraz,Nicolas Jarry,01:31:21,2,8,120,1,0,3,4,30,0,1,2,1,61,59,0,0,0,0,0,0,0,0,0,0,1,0,1,0,0,0,0,0,0,0,0,9.182,15.422,3,100.0,2,1,2,0,3.0301815127150387,3.9270854332443546,1.0,0.0,5.4457736935031535
120,2023-wimbledon-1301,Carlos Alcaraz,Nicolas Jarry,01:31:59,2,8,121,1,0,3,4,40,0,1,1,1,62,59,1,0,0,0,1,0,F,0,0,0,0,0,0,0,0,0,0,0,0,0,0,9.346,12.581,3,113.0,3,2,1,0,3.0571228303749916,3.54697053836087,1.0,0.0,5.255134503850372
121,2023-wimbledon-1301,Carlos Alcaraz,Nicolas Jarry,01:32:45,2,9,122,1,0,4,4,0,0,2,1,1,63,59,0,0,0,0,0,0,0,0,0,0,0,0,0,0,0,0,0,0,0,0,0,8.636,7.568,2,130.0,1,1,2,0,2.9387071987525397,2.750999818247904,1.0,0.0,5.169572946206422
122,2023-wimbledon-1301,Carlos Alcaraz,Nicolas Jarry,01:33:11,2,9,123,1,0,4,4,15,0,2,1,2,63,60,0,0,0,1,0,1,0,0,0,0,0,0,0,0,0,0,0,0,0,0,0,1.547,1.046,1,125.0,3,1,1,1,1.243784547258889,1.0227414140436477,0.8,0.2,5.176445305762627
123,2023-wimbledon-1301,Carlos Alcaraz,Nicolas Jarry,01:33:37,2,9,124,1,0,4,4,15,15,2,2,2,63,61,0,0,0,0,0,0,0,0,0,0,0,0,0,0,0,0,0,0,0,0,0,4.077,3.731,1,106.0,3,1,1,0,2.0191582404556607,1.9315796644197722,0.6,0.4,4.950797381426314
124,2023-wimbledon-1301,Carlos Alcaraz,Nicolas Jarry,01:34:16,2,9,125,1,0,4,4,15,30,2,1,2,63,62,0,0,0,1,0,1,0,0,0,0,0,0,0,0,0,0,0,0,0,0,0,7.731,4.601,1,123.0,3,1,2,1,2.780467586576042,2.1449941724862565,0.4,0.6,5.316940740313532
125,2023-wimbledon-1301,Carlos Alcaraz,Nicolas Jarry,01:34:42,2,9,126,1,0,4,4,15,40,2,1,2,63,63,2,0,0,0,0,0,0,0,0,0,0,0,0,0,0,0,0,0,0,0,0,30.357,15.027,3,126.0,3,1,2,0,5.509718686103675,3.8764674640708647,0.2,0.8,5.672842131010169
126,2023-wimbledon-1301,Carlos Alcaraz,Nicolas Jarry,01:36:28,2,10,127,1,0,4,5,0,0,1,1,1,64,63,0,0,0,0,0,0,0,0,0,0,0,0,0,0,0,0,0,0,0,0,0,5.517,10.031,1,127.0,3,1,2,0,2.348829495727606,3.1671753977321813,0.2,0.8,5.809977643383059
127,2023-wimbledon-1301,Carlos Alcaraz,Nicolas Jarry,01:36:57,2,10,128,1,0,4,5,15,0,1,2,2,64,64,0,0,0,0,0,0,0,0,0,0,0,0,0,0,0,0,0,0,0,0,0,18.229,36.142,6,119.0,1,1,2,0,4.269543301103761,6.011821687309097,0.2,0.8,5.8437733021811535
128,2023-wimbledon-1301,Carlos Alcaraz,Nicolas Jarry,01:38:01,2,10,129,1,0,4,5,15,15,1,2,1,65,64,0,0,0,0,0,0,0,0,0,0,1,0,0,0,0,0,0,0,0,0,0,2.83,3.42,1,91.0,3,1,1,0,1.6822603841260722,1.849324200890693,0.4,0.6,5.766575584500014
129,2023-wimbledon-1301,Carlos Alcaraz,Nicolas Jarry,01:38:43,2,10,130,1,0,4,5,30,15,1,1,1,66,64,0,0,0,0,0,0,0,0,0,0,0,0,0,0,0,0,0,0,0,0,0,32.24,55.37,7,115.0,1,1,1,0,5.678027826631356,7.441102068914255,0.6,0.4,5.436221291065065
130,2023-wimbledon-1301,Carlos Alcaraz,Nicolas Jarry,01:39:23,2,10,131,1,0,4,5,40,15,1,1,2,66,65,0,0,0,0,0,0,0,0,0,0,0,0,0,0,0,0,0,0,0,0,0,9.467,13.062,2,114.0,4,1,1,0,3.076849037570742,3.614138901591913,0.6,0.4,5.310526356064744
131,2023-wimbledon-1301,Carlos Alcaraz,Nicolas Jarry,01:39:56,2,10,132,1,0,4,5,40,30,1,1,1,67,65,1,0,0,0,0,0,0,0,0,0,0,0,0,0,0,0,0,0,0,0,0,18.941,24.158,5,119.0,3,1,1,0,4.352125917296052,4.915078839652524,0.6,0.4,4.915515711106727
132,2023-wimbledon-1301,Carlos Alcaraz,Nicolas Jarry,01:40:44,2,11,133,1,0,5,5,0,0,2,1,2,67,66,0,0,0,1,0,1,0,0,0,0,0,0,0,0,0,0,0,0,0,0,0,1.087,0.648,1,111.0,4,2,1,1,1.0425929215182692,0.8049844718999243,0.6,0.4,4.574700718210877
133,2023-wimbledon-1301,Carlos Alcaraz,Nicolas Jarry,01:41:10,2,11,134,1,0,5,5,0,15,2,1,2,67,67,0,0,0,0,0,0,0,0,0,0,0,0,0,0,0,0,0,0,0,0,0,7.276,4.743,1,132.0,2,2,2,0,2.697406161481804,2.1778429695457846,0.4,0.6,4.915531883160895
134,2023-wimbledon-1301,Carlos Alcaraz,Nicolas Jarry,01:41:39,2,11,135,1,0,5,5,0,30,2,2,1,68,67,0,0,0,0,0,0,0,0,0,0,1,0,0,0,0,0,0,0,0,0,0,10.946,8.844,2,105.0,3,1,2,0,3.308473968463406,2.973886346180701,0.4,0.6,5.253856740401364
135,2023-wimbledon-1301,Carlos Alcaraz,Nicolas Jarry,01:42:22,2,11,136,1,0,5,5,15,30,2,1,2,68,68,0,0,0,0,0,0,0,0,0,0,0,0,0,0,0,0,0,0,0,0,0,28.855,13.468,3,132.0,4,2,1,0,5.37168502427311,3.6698773821478015,0.4,0.6,5.604847599363531
136,2023-wimbledon-1301,Carlos Alcaraz,Nicolas Jarry,01:43:15,2,11,137,1,0,5,5,15,40,2,2,2,68,69,2,0,0,0,0,0,0,0,0,0,0,0,0,0,0,0,0,0,0,0,0,4.713,5.199,1,100.0,1,1,2,0,2.170944494914598,2.2801315751508726,0.2,0.8,5.863406689744457
137,2023-wimbledon-1301,Carlos Alcaraz,Nicolas Jarry,01:45:24,2,12,138,1,0,5,6,0,0,1,1,1,69,69,0,0,1,0,1,0,0,0,0,0,0,0,0,0,0,0,0,0,0,0,0,7.323,7.217,1,129.0,3,1,2,1,2.7061042108536766,2.6864474683120085,0.4,0.6,6.0818811905530445
138,2023-wimbledon-1301,Carlos Alcaraz,Nicolas Jarry,01:45:59,2,12,139,1,0,5,6,15,0,1,2,1,70,69,0,0,0,0,0,0,0,0,0,0,0,0,0,0,0,0,0,0,0,0,0,1.865,3.688,1,98.0,4,1,1,0,1.3656500283747663,1.9204166214652487,0.6,0.4,6.117468475957247
139,2023-wimbledon-1301,Carlos Alcaraz,Nicolas Jarry,01:46:38,2,12,140,1,0,5,6,30,0,1,2,1,71,69,0,0,0,0,0,0,0,0,0,0,0,0,0,0,0,0,0,0,0,0,0,1.945,2.386,1,122.0,1,1,1,0,1.3946325680981353,1.5446682491719703,0.6,0.4,5.814172533550043
140,2023-wimbledon-1301,Carlos Alcaraz,Nicolas Jarry,01:47:17,2,12,141,1,0,5,6,40,0,1,1,1,72,69,1,0,0,0,0,0,0,0,0,0,0,0,1,0,0,0,0,0,0,0,0,18.845,42.672,3,129.0,1,1,1,0,4.341082814229647,6.5323808829553105,0.8,0.2,5.408285422200659
141,2023-wimbledon-1301,Carlos Alcaraz,Nicolas Jarry,01:48:12,2,13,142,1,0,6,6,0,0,2,1,2,72,70,0,0,0,0,0,0,0,0,0,0,0,0,0,0,0,0,0,0,0,0,0,68.799,52.441,15,128.0,3,1,1,0,8.294516260759274,7.241615841785589,0.8,0.2,5.371900626370424
142,2023-wimbledon-1301,Carlos Alcaraz,Nicolas Jarry,01:49:11,2,13,143,1,0,6,6,0,1,1,1,1,73,70,0,0,0,0,0,0,0,0,0,0,0,0,0,0,0,0,0,0,0,0,0,5.871,5.357,1,127.0,2,1,2,0,2.423014651214474,2.3145193885556457,0.8,0.2,4.889929235296833
143,2023-wimbledon-1301,Carlos Alcaraz,Nicolas Jarry,01:49:37,2,13,144,1,0,6,6,1,1,1,2,1,74,70,0,0,0,0,0,0,0,0,0,0,0,0,0,0,0,0,0,0,0,0,0,51.185,46.792,13,100.0,1,1,1,0,7.154369294354325,6.84046782025908,0.8,0.2,4.921974108381294
144,2023-wimbledon-1301,Carlos Alcaraz,Nicolas Jarry,01:51:32,2,13,145,1,0,6,6,2,1,2,1,2,74,71,0,0,0,0,0,1,0,0,0,0,0,0,0,0,0,0,0,0,0,0,0,9.273,6.262,1,128.0,4,2,1,0,3.045160094313598,2.5023988491045945,0.6,0.4,4.993029097217862
145,2023-wimbledon-1301,Carlos Alcaraz,Nicolas Jarry,01:52:03,2,13,146,1,0,6,6,2,2,2,1,2,74,72,0,0,0,1,0,1,0,0,0,0,0,0,0,0,0,0,0,0,0,0,0,4.948,4.836,1,130.0,3,2,1,1,2.2244100341438853,2.199090721184554,0.4,0.6,5.281071103740812
146,2023-wimbledon-1301,Carlos Alcaraz,Nicolas Jarry,01:52:41,2,13,147,1,0,6,6,2,3,1,1,1,75,72,0,0,0,0,0,0,0,0,0,0,0,1,0,1,0,0,0,0,0,0,0,24.001,22.749,5,119.0,1,1,1,0,4.8990815465758475,4.769591177449069,0.6,0.4,5.395821596998022
147,2023-wimbledon-1301,Carlos Alcaraz,Nicolas Jarry,01:53:43,2,13,148,1,0,6,6,3,3,1,1,1,76,72,0,0,0,0,0,0,0,0,0,0,0,0,0,0,0,0,0,0,0,0,0,4.91,8.583,1,111.0,4,2,2,0,2.215851980616034,2.9296757499764374,0.6,0.4,5.631338855451606
148,2023-wimbledon-1301,Carlos Alcaraz,Nicolas Jarry,01:54:25,2,13,149,1,0,6,6,4,3,2,1,2,76,73,0,0,0,0,0,0,0,0,0,0,0,0,0,0,0,0,0,0,0,0,0,10.121,8.641,1,127.0,2,1,2,0,3.1813519138881823,2.9395577898724836,0.4,0.6,5.545442264059984
149,2023-wimbledon-1301,Carlos Alcaraz,Nicolas Jarry,01:54:57,2,13,150,1,0,6,6,4,4,2,2,2,76,74,0,0,0,0,0,0,0,0,0,1,0,0,0,0,0,0,0,0,0,0,0,12.105,12.593,3,104.0,2,1,2,0,3.479224051422961,3.548661719578241,0.4,0.6,5.501851669814773
150,2023-wimbledon-1301,Carlos Alcaraz,Nicolas Jarry,01:55:53,2,13,151,1,0,6,6,4,5,1,1,1,77,74,0,0,0,0,1,0,F,0,0,0,0,0,1,0,0,0,0,0,0,0,0,19.083,27.636,5,130.0,2,2,1,0,4.368409321480761,5.256995339545204,0.6,0.4,5.370620378869418
151,2023-wimbledon-1301,Carlos Alcaraz,Nicolas Jarry,01:56:32,2,13,152,1,0,6,6,5,5,1,1,1,78,74,0,0,0,0,1,0,F,0,0,0,0,1,0,1,0,0,0,0,0,0,0,4.877,7.639,3,129.0,1,2,1,0,2.2083930809527548,2.7638740926460454,0.6,0.4,5.020122852058307
152,2023-wimbledon-1301,Carlos Alcaraz,Nicolas Jarry,01:57:11,2,13,153,1,0,6,6,6,5,2,1,2,78,75,0,0,0,0,0,0,0,0,0,0,0,0,1,0,1,0,0,0,0,0,0,20.076,14.846,3,129.0,4,2,1,0,4.480624956409541,3.8530507393492757,0.4,0.6,5.065884124353145
153,2023-wimbledon-1301,Carlos Alcaraz,Nicolas Jarry,01:58:25,2,13,154,1,0,6,6,6,6,2,1,2,78,76,0,0,0,0,0,0,0,0,0,0,0,0,0,0,0,0,0,0,0,0,0,5.514,4.409,1,128.0,3,1,1,0,2.34819079292974,2.099761891262912,0.4,0.6,5.073866939650799
154,2023-wimbledon-1301,Carlos Alcaraz,Nicolas Jarry,01:59:04,2,13,155,1,0,6,6,6,7,1,1,2,78,77,2,2,0,0,0,0,0,0,0,0,0,0,0,0,0,0,0,0,0,0,0,28.777,19.769,4,122.0,1,1,1,0,5.364419819514502,4.446234361794259,0.4,0.6,5.430314368610066
155,2023-wimbledon-1301,Carlos Alcaraz,Nicolas Jarry,02:04:05,3,1,156,1,1,0,0,0,0,1,2,1,79,77,0,0,0,0,0,0,0,0,0,0,1,0,0,0,0,0,0,0,0,0,0,26.561,47.51,7,96.0,2,2,2,0,5.153736508592576,6.892749814116279,0.4,0.6,5.204924414187904
156,2023-wimbledon-1301,Carlos Alcaraz,Nicolas Jarry,02:04:50,3,1,157,1,1,0,0,15,0,1,2,2,79,78,0,0,0,0,0,0,0,0,0,0,0,0,1,0,1,0,0,0,0,0,0,17.347,25.367,4,96.0,2,1,1,0,4.164972989108093,5.036566290638891,0.2,0.8,5.113730845651921
157,2023-wimbledon-1301,Carlos Alcaraz,Nicolas Jarry,02:05:38,3,1,158,1,1,0,0,15,15,1,2,1,80,78,0,0,0,0,0,0,0,0,0,0,0,0,0,0,0,0,0,0,0,0,0,3.959,3.97,1,126.0,3,2,1,0,1.9897235988950828,1.9924858845171276,0.4,0.6,5.2747274841102545
158,2023-wimbledon-1301,Carlos Alcaraz,Nicolas Jarry,02:06:20,3,1,159,1,1,0,0,30,15,1,2,2,80,79,0,0,0,0,0,0,0,1,0,1,0,0,0,0,0,0,0,0,0,0,0,5.45,6.694,0,123.0,2,2,1,0,2.3345235059857505,2.587276560400917,0.4,0.6,5.432607309872012
159,2023-wimbledon-1301,Carlos Alcaraz,Nicolas Jarry,02:07:02,3,1,160,1,1,0,0,30,30,1,1,1,81,79,0,0,0,0,0,0,0,0,0,0,0,0,0,0,0,0,0,0,0,0,0,4.131,5.861,1,113.0,4,2,2,0,2.0324861623145187,2.4209502266672067,0.6,0.4,5.170601910373852
160,2023-wimbledon-1301,Carlos Alcaraz,Nicolas Jarry,02:07:27,3,1,161,1,1,0,0,40,30,1,1,1,82,79,1,0,0,0,0,0,0,0,0,0,0,0,0,0,0,0,0,0,0,0,0,6.968,15.75,1,113.0,3,1,1,0,2.6396969523034266,3.968626966596886,0.6,0.4,4.83297273765178
161,2023-wimbledon-1301,Carlos Alcaraz,Nicolas Jarry,02:08:41,3,2,162,1,1,1,0,0,0,2,1,1,83,79,0,0,0,0,0,0,0,0,0,0,0,1,0,1,0,0,0,0,0,0,0,33.675,33.494,8,126.0,3,1,1,0,5.803016456981662,5.7874001071292795,0.8,0.2,4.555107665222388
162,2023-wimbledon-1301,Carlos Alcaraz,Nicolas Jarry,02:09:28,3,2,163,1,1,1,0,15,0,2,1,2,83,80,0,0,0,0,0,0,0,0,0,0,0,0,1,0,1,0,0,0,0,0,0,9.172,6.57,1,130.0,4,1,1,0,3.028530997034701,2.563201123595259,0.6,0.4,4.855093971298292
163,2023-wimbledon-1301,Carlos Alcaraz,Nicolas Jarry,02:10:00,3,2,164,1,1,1,0,15,15,2,2,2,83,81,0,0,0,0,0,1,B,0,0,0,0,0,0,0,0,0,0,0,0,0,0,52.816,20.502,3,109.0,2,1,1,0,7.267461730205396,4.527913426734217,0.6,0.4,5.336962443751355
164,2023-wimbledon-1301,Carlos Alcaraz,Nicolas Jarry,02:10:55,3,2,165,1,1,1,0,15,30,2,1,1,84,81,0,0,0,0,0,0,0,0,0,0,0,0,0,0,0,0,0,0,0,0,0,9.47,6.624,2,128.0,4,1,2,0,3.0773365106858237,2.5737132707432657,0.6,0.4,5.447113649993889
165,2023-wimbledon-1301,Carlos Alcaraz,Nicolas Jarry,02:11:35,3,2,166,1,1,1,0,30,30,2,1,1,85,81,0,0,0,0,0,0,0,0,0,0,1,0,1,0,0,0,0,0,0,0,0,17.922,14.558,4,130.0,3,1,1,0,4.233438318908166,3.8154947254582856,0.6,0.4,5.625590429642397
166,2023-wimbledon-1301,Carlos Alcaraz,Nicolas Jarry,02:12:15,3,2,167,1,1,1,0,40,30,2,1,2,85,82,0,0,0,0,0,1,F,0,0,0,0,0,1,0,1,1,0,0,0,1,0,11.452,10.886,3,127.0,4,2,1,0,3.384080377296024,3.299393883730768,0.4,0.6,5.843617186596699
167,2023-wimbledon-1301,Carlos Alcaraz,Nicolas Jarry,02:12:53,3,2,168,1,1,1,0,40,40,2,2,1,86,82,0,0,0,0,0,0,0,0,0,0,1,0,0,0,0,0,0,0,0,0,0,8.123,6.082,2,114.0,4,1,1,0,2.850087717948344,2.466171121394458,0.6,0.4,6.348671040327471
168,2023-wimbledon-1301,Carlos Alcaraz,Nicolas Jarry,02:13:38,3,2,169,1,1,1,0,AD,40,2,1,2,86,83,0,0,0,0,0,0,0,0,0,0,0,0,0,0,0,1,0,0,0,1,0,27.335,7.822,1,130.0,4,2,1,0,5.228288438867924,2.7967838672303587,0.6,0.4,6.935793639781233
169,2023-wimbledon-1301,Carlos Alcaraz,Nicolas Jarry,02:14:08,3,2,170,1,1,1,0,40,40,2,1,2,86,84,0,0,0,0,0,1,F,0,0,0,0,0,0,0,0,0,0,0,0,0,0,10.23,7.241,3,118.0,4,1,1,0,3.1984371183438953,2.6909106265351883,0.4,0.6,7.0006143478230545
170,2023-wimbledon-1301,Carlos Alcaraz,Nicolas Jarry,02:14:53,3,2,171,1,1,1,0,40,AD,2,2,1,87,84,0,0,0,0,0,0,0,0,1,0,1,0,0,0,0,0,0,0,0,0,0,11.861,6.606,0,123.0,2,2,1,0,3.443980255460243,2.5702139988724673,0.4,0.6,6.691508423265104
171,2023-wimbledon-1301,Carlos Alcaraz,Nicolas Jarry,02:15:48,3,2,172,1,1,1,0,40,40,2,1,2,87,85,0,0,0,0,0,0,0,0,0,0,0,0,0,0,0,0,0,0,0,0,0,6.797,3.806,1,129.0,3,2,1,0,2.60710567488163,1.9508972294818607,0.4,0.6,6.799753408950231
172,2023-wimbledon-1301,Carlos Alcaraz,Nicolas Jarry,02:16:15,3,2,173,1,1,1,0,40,AD,2,1,2,87,86,2,0,0,0,0,1,F,0,0,0,0,0,1,0,1,0,0,0,0,0,0,16.698,14.275,5,128.0,4,1,1,0,4.086318636621476,3.7782270974625125,0.2,0.8,6.869739753432954
173,2023-wimbledon-1301,Carlos Alcaraz,Nicolas Jarry,02:16:58,3,3,174,1,1,1,1,0,0,1,2,1,88,86,0,0,0,0,1,0,F,0,0,0,0,0,0,0,0,0,0,0,0,0,0,22.725,30.75,7,92.0,3,1,1,0,4.767074574621211,5.545268253204709,0.4,0.6,6.913738349819086
174,2023-wimbledon-1301,Carlos Alcaraz,Nicolas Jarry,02:17:46,3,3,175,1,1,1,1,15,0,1,1,1,89,86,0,0,0,0,1,0,F,0,0,0,0,0,0,0,0,0,0,0,0,0,0,10.8,19.121,3,114.0,3,1,1,0,3.286335345030997,4.3727565676584375,0.6,0.4,6.758100843508547
175,2023-wimbledon-1301,Carlos Alcaraz,Nicolas Jarry,02:18:16,3,3,176,1,1,1,1,30,0,1,1,2,89,87,0,0,0,0,0,1,F,0,0,0,0,0,0,0,0,0,0,0,0,0,0,28.877,32.934,6,127.0,3,1,2,0,5.373732408670905,5.73881520873429,0.4,0.6,5.9061426547509335
176,2023-wimbledon-1301,Carlos Alcaraz,Nicolas Jarry,02:18:53,3,3,177,1,1,1,1,30,15,1,2,2,89,88,0,0,0,0,0,0,0,0,0,1,0,0,0,0,0,0,0,0,0,0,0,16.725,14.741,4,95.0,4,2,1,0,4.089621009335707,3.839400994946998,0.4,0.6,5.790550054116809
177,2023-wimbledon-1301,Carlos Alcaraz,Nicolas Jarry,02:19:39,3,3,178,1,1,1,1,30,30,1,2,1,90,88,0,0,0,0,0,0,0,0,0,0,1,0,0,0,0,0,0,0,0,0,0,11.081,11.092,3,104.0,1,1,2,0,3.328813602471607,3.330465432938766,0.6,0.4,5.459844605296226
178,2023-wimbledon-1301,Carlos Alcaraz,Nicolas Jarry,02:20:27,3,3,179,1,1,1,1,40,30,1,1,1,91,88,1,0,1,0,1,0,0,0,0,0,0,0,0,0,0,0,0,0,0,0,0,7.905,24.521,1,122.0,4,2,2,1,2.81158318390191,4.951868334275458,0.6,0.4,4.856328747457343
179,2023-wimbledon-1301,Carlos Alcaraz,Nicolas Jarry,02:22:46,3,4,180,1,1,2,1,0,0,2,2,1,92,88,0,0,0,0,0,0,0,0,0,0,1,0,1,0,0,0,0,0,0,0,0,9.981,13.467,2,108.0,2,1,1,0,3.1592720680561843,3.669741135284613,0.6,0.4,4.638217647966009
180,2023-wimbledon-1301,Carlos Alcaraz,Nicolas Jarry,02:23:36,3,4,181,1,1,2,1,15,0,2,1,1,93,88,0,0,0,0,1,0,F,0,0,0,0,0,1,0,0,0,0,0,0,0,0,27.698,24.671,6,129.0,4,2,2,0,5.262888940496465,4.96699104086166,0.8,0.2,4.754508867684829
181,2023-wimbledon-1301,Carlos Alcaraz,Nicolas Jarry,02:24:21,3,4,182,1,1,2,1,30,0,2,2,2,93,89,0,0,0,0,0,0,0,0,0,1,0,0,0,0,0,0,0,0,0,0,0,20.258,11.909,3,106.0,2,2,2,0,4.500888801114731,3.4509419004092203,0.8,0.2,5.13947200106448
182,2023-wimbledon-1301,Carlos Alcaraz,Nicolas Jarry,02:25:30,3,4,183,1,1,2,1,30,15,2,1,1,94,89,0,0,0,0,0,0,0,0,0,0,1,0,0,0,0,0,0,0,0,0,0,12.132,7.399,2,127.0,4,1,2,0,3.4831020656879983,2.7201102918815625,0.8,0.2,5.3462062892264814
183,2023-wimbledon-1301,Carlos Alcaraz,Nicolas Jarry,02:25:59,3,4,184,1,1,2,1,40,15,2,1,1,95,89,1,0,0,0,0,0,0,0,0,0,0,0,0,0,0,1,0,1,0,0,0,25.215,21.594,6,133.0,3,1,1,0,5.021453972705515,4.646934473392109,0.8,0.2,5.319105811088072
184,2023-wimbledon-1301,Carlos Alcaraz,Nicolas Jarry,02:26:45,3,5,185,1,1,3,1,0,0,1,1,1,96,89,0,0,1,0,1,0,0,0,0,0,0,0,0,0,0,0,0,0,0,0,0,0.585,0.853,1,130.0,3,1,1,1,0.7648529270389177,0.9235799911215054,0.8,0.2,5.219025035211478
185,2023-wimbledon-1301,Carlos Alcaraz,Nicolas Jarry,02:27:09,3,5,186,1,1,3,1,15,0,1,1,1,97,89,0,0,0,0,1,0,0,0,0,0,0,0,0,0,0,0,0,0,0,0,0,1.91,3.696,1,127.0,4,2,2,0,1.3820274961085253,1.9224983745116666,0.8,0.2,5.5221507045881335
186,2023-wimbledon-1301,Carlos Alcaraz,Nicolas Jarry,02:27:35,3,5,187,1,1,3,1,30,0,1,2,1,98,89,0,0,0,0,0,0,0,0,0,0,1,0,0,0,0,0,0,0,0,0,0,26.138,27.732,9,103.0,1,1,1,0,5.112533618471374,5.266118114892601,1.0,0.0,5.675389440551797
187,2023-wimbledon-1301,Carlos Alcaraz,Nicolas Jarry,02:28:21,3,5,188,1,1,3,1,40,0,1,2,2,98,90,0,0,0,0,0,0,0,1,0,1,0,0,0,0,0,0,0,0,0,0,0,1.076,1.74,0,123.0,4,2,1,0,1.0373041983911953,1.3190905958272918,0.8,0.2,5.521288270387611
188,2023-wimbledon-1301,Carlos Alcaraz,Nicolas Jarry,02:28:59,3,5,189,1,1,3,1,40,15,1,1,1,99,90,1,0,1,0,1,0,0,0,0,0,0,0,0,0,0,0,0,0,0,0,0,0.778,1.077,1,107.0,4,2,1,1,0.8820430828479978,1.0377861051295685,0.8,0.2,5.118504778433254
189,2023-wimbledon-1301,Carlos Alcaraz,Nicolas Jarry,02:31:03,3,6,190,1,1,4,1,0,0,2,2,1,100,90,0,0,0,0,0,0,0,0,0,0,1,0,0,0,0,0,0,0,0,0,0,17.965,15.911,4,110.0,3,1,1,0,4.238513890504548,3.988859486118808,0.8,0.2,4.8216080950701645
190,2023-wimbledon-1301,Carlos Alcaraz,Nicolas Jarry,02:32:01,3,6,191,1,1,4,1,15,0,2,1,2,100,91,0,0,0,0,0,1,0,0,0,0,0,0,0,0,0,0,0,0,0,0,0,1.075,0.785,1,121.0,3,1,1,0,1.036822067666386,0.8860022573334675,0.6,0.4,4.775676001534464
191,2023-wimbledon-1301,Carlos Alcaraz,Nicolas Jarry,02:32:24,3,6,192,1,1,4,1,15,15,2,2,2,100,92,0,0,0,0,0,0,0,0,0,0,0,0,0,0,0,0,0,0,0,0,0,4.072,3.528,1,107.0,4,1,2,0,2.0179197209007103,1.8782971010998233,0.4,0.6,4.9487242451768765
192,2023-wimbledon-1301,Carlos Alcaraz,Nicolas Jarry,02:33:01,3,6,193,1,1,4,1,15,30,2,2,1,101,92,0,0,0,0,0,0,0,0,0,0,0,1,0,1,0,0,0,0,0,0,0,15.125,18.237,2,105.0,4,1,2,0,3.8890872965260113,4.270480066690395,0.6,0.4,5.166900312495741
193,2023-wimbledon-1301,Carlos Alcaraz,Nicolas Jarry,02:34:04,3,6,194,1,1,4,1,30,30,2,2,2,101,93,0,0,0,0,0,1,F,0,0,0,0,0,0,0,0,0,0,0,0,0,0,8.346,8.608,3,111.0,1,1,1,0,2.8889444439102667,2.93393933134276,0.4,0.6,5.1714886187820515
194,2023-wimbledon-1301,Carlos Alcaraz,Nicolas Jarry,02:34:46,3,6,195,1,1,4,1,30,40,2,1,2,101,94,2,0,0,0,0,0,0,0,0,0,0,0,1,0,1,0,0,0,0,0,0,11.882,6.858,1,132.0,4,1,1,0,3.4470277051396034,2.6187783411354233,0.2,0.8,5.566623266091412
195,2023-wimbledon-1301,Carlos Alcaraz,Nicolas Jarry,02:35:22,3,7,196,1,1,4,2,0,0,1,1,1,102,94,0,0,0,0,1,0,0,0,0,0,0,0,0,0,0,0,0,0,0,0,0,3.652,5.284,1,107.0,4,1,1,0,1.9110206696946006,2.298695282111137,0.4,0.6,5.657640688686815
196,2023-wimbledon-1301,Carlos Alcaraz,Nicolas Jarry,02:35:46,3,7,197,1,1,4,2,15,0,1,1,1,103,94,0,0,0,0,0,0,0,0,0,0,0,0,0,0,0,0,0,0,0,0,0,13.487,15.647,3,117.0,4,2,1,0,3.672465112155594,3.955628900693289,0.6,0.4,5.578624099824894
197,2023-wimbledon-1301,Carlos Alcaraz,Nicolas Jarry,02:36:15,3,7,198,1,1,4,2,30,0,1,2,1,104,94,0,0,0,0,0,0,0,0,0,0,1,0,0,0,0,0,0,0,0,0,0,14.958,15.843,3,90.0,1,1,1,0,3.867557368675997,3.98032661976376,0.6,0.4,5.397720363274329
198,2023-wimbledon-1301,Carlos Alcaraz,Nicolas Jarry,02:36:54,3,7,199,1,1,4,2,40,0,1,1,1,105,94,1,0,1,0,1,0,0,0,0,0,0,0,0,0,0,0,0,0,0,0,0,0.778,0.859,1,109.0,4,2,1,1,0.8820430828479978,0.9268225288586807,0.8,0.2,5.292925610843794
199,2023-wimbledon-1301,Carlos Alcaraz,Nicolas Jarry,02:38:49,3,8,200,1,1,5,2,0,0,2,1,2,105,95,0,0,0,0,0,0,0,0,0,0,0,0,0,0,0,0,0,0,0,0,0,6.718,4.45,1,126.0,3,1,2,0,2.591910492281707,2.1095023109728985,0.8,0.2,5.514017945015512
200,2023-wimbledon-1301,Carlos Alcaraz,Nicolas Jarry,02:39:09,3,8,201,1,1,5,2,0,15,2,1,1,106,95,0,0,0,0,0,0,0,0,0,0,1,0,0,0,0,0,0,0,0,0,0,7.631,6.643,2,116.0,1,1,1,0,2.7624264696096437,2.5774017925034505,0.8,0.2,5.587285318170736
201,2023-wimbledon-1301,Carlos Alcaraz,Nicolas Jarry,02:39:39,3,8,202,1,1,5,2,15,15,2,1,2,106,96,0,0,0,0,0,0,0,0,0,0,0,0,1,0,1,0,0,0,0,0,0,70.044,52.444,9,116.0,4,1,1,0,8.369229355203501,7.241822974914535,0.6,0.4,5.350464530768385
202,2023-wimbledon-1301,Carlos Alcaraz,Nicolas Jarry,02:40:34,3,8,203,1,1,5,2,15,30,2,1,1,107,96,0,0,0,0,1,0,B,0,0,0,0,0,0,0,0,0,0,0,0,0,0,42.94,42.683,10,127.0,4,1,1,0,6.5528619701623505,6.533222788180424,0.6,0.4,5.537196583678389
203,2023-wimbledon-1301,Carlos Alcaraz,Nicolas Jarry,02:41:28,3,8,204,1,1,5,2,30,30,2,1,1,108,96,0,0,0,0,0,0,0,0,0,0,1,0,0,0,0,0,0,0,0,0,0,21.835,17.538,4,114.0,4,1,2,0,4.67279359698243,4.187839538473269,0.6,0.4,5.699500081172386
204,2023-wimbledon-1301,Carlos Alcaraz,Nicolas Jarry,02:42:07,3,8,205,1,1,5,2,40,30,2,1,2,108,97,0,0,0,1,0,1,0,0,0,0,0,0,0,0,0,1,0,0,0,1,0,0.729,0.772,1,127.0,4,2,1,1,0.8538149682454624,0.8786353054595518,0.6,0.4,5.749143167442597
205,2023-wimbledon-1301,Carlos Alcaraz,Nicolas Jarry,02:42:35,3,8,206,1,1,5,2,40,40,2,1,2,108,98,0,0,0,1,0,1,0,0,0,0,0,0,0,0,0,0,0,0,0,0,0,1.617,0.719,1,114.0,4,2,1,1,1.2716131487209466,0.847938677028003,0.4,0.6,6.123718604454336
206,2023-wimbledon-1301,Carlos Alcaraz,Nicolas Jarry,02:43:02,3,8,207,1,1,5,2,40,AD,2,1,2,108,99,2,0,0,1,0,1,0,0,0,0,0,0,0,0,0,0,0,0,0,0,0,1.136,0.73,1,124.0,3,1,1,1,1.065833007557938,0.8544003745317531,0.4,0.6,6.088699157579069
207,2023-wimbledon-1301,Carlos Alcaraz,Nicolas Jarry,02:43:47,3,9,208,1,1,5,3,0,0,1,2,1,109,99,0,0,0,0,0,0,0,0,0,0,0,0,0,0,0,0,0,0,0,0,0,7.308,36.062,1,97.0,3,2,1,0,2.703331278256514,6.005164444043143,0.4,0.6,5.772711010571539
208,2023-wimbledon-1301,Carlos Alcaraz,Nicolas Jarry,02:44:30,3,9,209,1,1,5,3,15,0,1,1,1,110,99,0,0,0,0,1,0,F,0,0,0,0,1,0,1,0,0,0,0,0,0,0,12.63,22.045,3,109.0,3,1,1,0,3.5538711287833724,4.695210325427393,0.4,0.6,5.505992510383509
209,2023-wimbledon-1301,Carlos Alcaraz,Nicolas Jarry,02:45:05,3,9,210,1,1,5,3,30,0,1,2,1,111,99,0,0,0,0,0,0,0,0,0,0,1,0,0,0,0,0,0,0,0,0,0,4.239,3.606,1,95.0,1,1,2,0,2.058883192412819,1.8989470766717012,0.6,0.4,5.565301052194433
210,2023-wimbledon-1301,Carlos Alcaraz,Nicolas Jarry,02:45:58,3,9,211,1,1,5,3,40,0,1,1,2,111,100,0,0,0,0,0,0,0,0,0,1,0,1,0,0,0,0,0,0,0,0,0,8.358,15.575,2,112.0,3,1,1,0,2.8910205810405434,3.946517452134223,0.6,0.4,5.307955835164194
211,2023-wimbledon-1301,Carlos Alcaraz,Nicolas Jarry,02:46:29,3,9,212,1,1,5,3,40,15,1,1,1,112,100,1,1,0,0,0,0,0,0,0,0,0,0,0,0,0,0,0,0,0,0,0,11.526,13.833,1,128.0,3,1,2,0,3.394996318112878,3.7192741227287884,0.8,0.2,5.285083342932323
212,2023-wimbledon-1301,Carlos Alcaraz,Nicolas Jarry,02:49:17,4,1,213,2,1,0,0,0,0,2,2,1,113,100,0,0,0,0,0,0,0,0,0,0,1,0,1,0,0,0,0,0,0,0,0,32.923,14.93,4,110.0,4,2,1,0,5.737856742721973,3.8639358172723313,0.8,0.2,5.0022051355277855
213,2023-wimbledon-1301,Carlos Alcaraz,Nicolas Jarry,02:50:03,4,1,214,2,1,0,0,15,0,2,2,2,113,101,0,0,0,0,0,0,0,0,0,0,0,0,0,0,0,0,0,0,0,0,0,16.843,16.987,3,98.0,4,1,2,0,4.104022417092772,4.121528842553452,0.6,0.4,4.692292447218225
214,2023-wimbledon-1301,Carlos Alcaraz,Nicolas Jarry,02:50:48,4,1,215,2,1,0,0,15,15,2,1,2,113,102,0,0,0,0,0,0,0,0,0,0,0,0,0,0,0,0,0,0,0,0,0,8.902,6.893,1,109.0,4,2,1,0,2.9836219599674485,2.6254523419784257,0.4,0.6,5.307817809677772
215,2023-wimbledon-1301,Carlos Alcaraz,Nicolas Jarry,02:51:12,4,1,216,2,1,0,0,15,30,2,1,2,113,103,0,0,0,0,0,0,0,0,0,0,0,0,1,0,1,0,0,0,0,0,0,7.188,8.153,1,128.0,4,2,2,0,2.681044572550035,2.855345863463829,0.4,0.6,5.536010297367953
216,2023-wimbledon-1301,Carlos Alcaraz,Nicolas Jarry,02:51:40,4,1,217,2,1,0,0,15,40,2,1,2,113,104,2,0,0,0,0,1,0,0,0,0,0,0,0,0,0,0,0,0,0,0,0,1.203,0.911,1,129.0,3,1,1,0,1.096813566655701,0.9544631999192007,0.2,0.8,5.545625984381575
217,2023-wimbledon-1301,Carlos Alcaraz,Nicolas Jarry,02:52:35,4,2,218,2,1,0,1,0,0,1,1,1,114,104,0,0,0,0,0,0,0,0,0,0,0,0,0,0,0,0,0,0,0,0,0,25.195,30.651,7,121.0,3,1,1,0,5.019462122578474,5.5363345274649,0.2,0.8,5.806158422000063
218,2023-wimbledon-1301,Carlos Alcaraz,Nicolas Jarry,02:53:10,4,2,219,2,1,0,1,15,0,1,2,2,114,105,0,0,0,0,0,0,0,1,0,1,0,0,0,0,0,0,0,0,0,0,0,1.544,2.202,0,123.0,4,2,1,0,1.2425779653607254,1.4839137441239636,0.2,0.8,5.8553524917648
219,2023-wimbledon-1301,Carlos Alcaraz,Nicolas Jarry,02:54:03,4,2,220,2,1,0,1,15,15,1,1,2,114,106,0,0,0,0,0,0,0,0,0,1,0,0,0,0,0,0,0,0,0,0,0,12.946,29.134,2,126.0,1,2,1,0,3.598055030151707,5.397592055722626,0.2,0.8,5.183693208414264
220,2023-wimbledon-1301,Carlos Alcaraz,Nicolas Jarry,02:54:43,4,2,221,2,1,0,1,15,30,1,1,1,115,106,0,0,0,0,0,0,0,0,0,0,0,0,0,0,0,0,0,0,0,0,0,4.202,7.353,1,117.0,3,1,1,0,2.0498780451529304,2.7116415692344003,0.4,0.6,5.033451531606897
221,2023-wimbledon-1301,Carlos Alcaraz,Nicolas Jarry,02:55:10,4,2,222,2,1,0,1,30,30,1,2,2,115,107,0,0,0,0,0,0,0,1,0,1,0,0,0,0,0,0,0,0,0,0,0,5.061,5.626,0,123.0,3,2,1,0,2.24966664197165,2.3719190542680835,0.4,0.6,4.82211248047825
222,2023-wimbledon-1301,Carlos Alcaraz,Nicolas Jarry,02:55:53,4,2,223,2,1,0,1,30,40,1,2,2,115,108,2,0,0,0,0,0,0,0,0,0,0,0,0,0,0,0,1,0,1,0,0,40.04,44.105,10,93.0,4,1,1,0,6.32771680782255,6.641159537309731,0.2,0.8,4.809304418796758
223,2023-wimbledon-1301,Carlos Alcaraz,Nicolas Jarry,02:57:09,4,3,224,2,1,0,2,0,0,2,1,2,115,109,0,0,0,0,0,0,0,0,0,0,0,0,1,0,1,0,0,0,0,0,0,15.329,13.638,3,124.0,1,1,1,0,3.9152266856466946,3.692966287417203,0.2,0.8,4.624625547181836
224,2023-wimbledon-1301,Carlos Alcaraz,Nicolas Jarry,02:57:46,4,3,225,2,1,0,2,0,15,2,2,1,116,109,0,0,0,0,0,0,0,0,0,0,0,0,0,0,0,0,0,0,0,0,0,6.648,6.862,2,113.0,3,1,1,0,2.578371579117331,2.619541944691858,0.4,0.6,4.645386447730763
225,2023-wimbledon-1301,Carlos Alcaraz,Nicolas Jarry,02:58:32,4,3,226,2,1,0,2,15,15,2,1,2,116,110,0,0,0,0,0,0,0,0,0,0,0,0,1,0,1,0,0,0,0,0,0,18.285,13.035,3,112.0,4,1,1,0,4.27609635064506,3.6104016397071392,0.2,0.8,4.857376215368378
226,2023-wimbledon-1301,Carlos Alcaraz,Nicolas Jarry,02:59:15,4,3,227,2,1,0,2,15,30,2,1,2,116,111,0,0,0,0,0,1,F,0,0,0,0,0,1,0,1,0,0,0,0,0,0,15.033,14.679,3,129.0,2,1,1,0,3.8772412873072524,3.8313183109733915,0.2,0.8,5.181089558939649
227,2023-wimbledon-1301,Carlos Alcaraz,Nicolas Jarry,02:59:48,4,3,228,2,1,0,2,15,40,2,1,1,117,111,0,0,0,0,1,0,F,0,0,0,0,1,0,1,0,0,0,0,0,0,0,51.154,40.057,8,113.0,4,2,2,0,7.152202457984534,6.3290599617952745,0.4,0.6,5.505536470974166
228,2023-wimbledon-1301,Carlos Alcaraz,Nicolas Jarry,03:00:40,4,3,229,2,1,0,2,30,40,2,2,1,118,111,0,0,0,0,0,0,0,0,0,0,1,0,0,0,0,0,0,0,0,0,0,37.839,42.274,10,108.0,3,1,2,0,6.151341317143766,6.501845891744898,0.6,0.4,5.546829839174498
229,2023-wimbledon-1301,Carlos Alcaraz,Nicolas Jarry,03:01:47,4,3,230,2,1,0,2,40,40,2,1,1,119,111,0,0,0,0,0,0,0,0,0,0,0,0,0,0,0,0,0,0,0,0,0,22.348,25.995,4,117.0,4,1,2,0,4.727367131924492,5.098529199681022,0.6,0.4,5.576810940372239
230,2023-wimbledon-1301,Carlos Alcaraz,Nicolas Jarry,03:02:25,4,3,231,2,1,0,2,AD,40,2,1,2,119,112,0,0,0,0,0,1,F,0,0,0,0,0,1,0,1,1,0,0,0,1,0,20.832,18.923,5,131.0,4,2,1,0,4.564208584190692,4.350057470884724,0.6,0.4,5.5605514601600685
231,2023-wimbledon-1301,Carlos Alcaraz,Nicolas Jarry,03:03:27,4,3,232,2,1,0,2,40,40,2,1,2,119,113,0,0,0,0,0,0,0,0,0,0,0,0,1,0,1,0,0,0,0,0,0,18.666,20.844,3,127.0,3,1,1,0,4.320416646574726,4.565522971139232,0.6,0.4,5.5680642742928015
232,2023-wimbledon-1301,Carlos Alcaraz,Nicolas Jarry,03:04:06,4,3,233,2,1,0,2,40,AD,2,1,1,120,113,0,0,0,0,1,0,B,0,0,0,0,0,1,0,0,0,0,0,0,0,0,17.768,17.486,4,119.0,3,1,1,0,4.215210552273754,4.181626477819367,0.6,0.4,5.391057416851554
233,2023-wimbledon-1301,Carlos Alcaraz,Nicolas Jarry,03:05:04,4,3,234,2,1,0,2,40,40,2,1,2,120,114,0,0,0,0,0,1,F,0,0,0,0,0,0,0,0,0,0,0,0,0,0,16.272,4.794,3,123.0,3,1,1,0,4.033856715353187,2.1895204954510015,0.4,0.6,5.856935233216959
234,2023-wimbledon-1301,Carlos Alcaraz,Nicolas Jarry,03:05:36,4,3,235,2,1,0,2,40,AD,2,1,1,121,114,0,0,0,0,1,0,F,0,0,0,0,0,1,0,0,0,0,0,0,0,0,19.741,11.995,4,129.0,4,2,1,0,4.443084514163556,3.4633798521097856,0.4,0.6,5.923715041018479
235,2023-wimbledon-1301,Carlos Alcaraz,Nicolas Jarry,03:06:16,4,3,236,2,1,0,2,40,40,2,2,1,122,114,0,0,0,0,0,0,0,0,0,0,1,0,1,0,0,0,0,0,0,0,0,16.566,12.049,4,105.0,1,1,1,0,4.070135132891782,3.4711669507530174,0.6,0.4,6.137262750503152
236,2023-wimbledon-1301,Carlos Alcaraz,Nicolas Jarry,03:07:09,4,3,237,2,1,0,2,AD,40,2,1,2,122,115,0,0,0,1,0,1,0,0,0,0,0,0,0,0,0,1,0,0,0,1,0,1.015,0.741,1,121.0,3,2,1,1,1.0074720839804943,0.8608135686662938,0.6,0.4,6.39171115624071
237,2023-wimbledon-1301,Carlos Alcaraz,Nicolas Jarry,03:07:38,4,3,238,2,1,0,2,40,40,2,2,2,122,116,0,0,0,0,0,1,F,0,0,0,0,0,1,0,1,0,0,0,0,0,0,34.6,48.407,7,110.0,2,1,1,0,5.882176467941097,6.957513923809279,0.4,0.6,6.353959961329338
238,2023-wimbledon-1301,Carlos Alcaraz,Nicolas Jarry,03:09:02,4,3,239,2,1,0,2,40,AD,2,1,1,123,116,0,0,0,0,0,0,0,0,0,0,0,0,0,0,0,0,0,0,0,0,0,30.164,23.903,6,128.0,4,1,1,0,5.492176253544673,4.889069441110445,0.6,0.4,6.582517375778563
239,2023-wimbledon-1301,Carlos Alcaraz,Nicolas Jarry,03:09:55,4,3,240,2,1,0,2,40,40,2,1,2,123,117,0,0,0,0,0,0,0,0,0,0,0,0,0,0,0,0,0,0,0,0,0,11.716,8.067,1,114.0,4,1,2,0,3.422864297631444,2.840246468178422,0.4,0.6,6.812198720645924
240,2023-wimbledon-1301,Carlos Alcaraz,Nicolas Jarry,03:10:27,4,3,241,2,1,0,2,40,AD,2,1,2,123,118,2,0,0,0,0,0,0,0,0,0,0,0,0,0,0,0,0,0,0,0,0,11.645,8.043,1,119.0,3,1,2,0,3.4124771061503107,2.836018335624789,0.2,0.8,6.146047621154806
241,2023-wimbledon-1301,Carlos Alcaraz,Nicolas Jarry,03:12:34,4,4,242,2,1,0,3,0,0,1,1,1,124,118,0,0,0,0,0,0,0,0,0,0,0,0,0,0,0,0,0,0,0,0,0,5.839,7.128,1,129.0,1,2,1,0,2.416402284388922,2.669831455354439,0.4,0.6,5.860381748788033
242,2023-wimbledon-1301,Carlos Alcaraz,Nicolas Jarry,03:12:51,4,4,243,2,1,0,3,15,0,1,1,2,124,119,0,0,0,0,0,0,0,0,0,1,0,0,0,0,0,0,0,0,0,0,0,5.707,6.699,2,117.0,1,1,1,0,2.388932816133597,2.588242647048379,0.4,0.6,5.677615250596044
243,2023-wimbledon-1301,Carlos Alcaraz,Nicolas Jarry,03:13:12,4,4,244,2,1,0,3,15,15,1,2,2,124,120,0,0,0,0,0,0,0,1,0,1,0,0,0,0,0,0,0,0,0,0,0,1.518,3.162,0,123.0,3,2,1,0,1.2320714265009152,1.7782013384316186,0.2,0.8,5.349077523117777
244,2023-wimbledon-1301,Carlos Alcaraz,Nicolas Jarry,03:13:47,4,4,245,2,1,0,3,15,30,1,1,2,124,121,0,0,0,0,0,0,0,0,0,0,0,0,0,0,0,0,0,0,0,0,0,10.416,9.26,2,112.0,3,1,2,0,3.2273828406310896,3.043024810940588,0.2,0.8,5.552670672233586
245,2023-wimbledon-1301,Carlos Alcaraz,Nicolas Jarry,03:14:07,4,4,246,2,1,0,3,15,40,1,2,1,125,121,0,0,0,0,0,0,0,0,0,0,0,0,0,0,0,0,1,0,0,0,1,6.55,8.454,1,126.0,1,1,1,0,2.5592967784139455,2.9075763102625527,0.4,0.6,5.369103011277271
246,2023-wimbledon-1301,Carlos Alcaraz,Nicolas Jarry,03:14:44,4,4,247,2,1,0,3,30,40,1,1,1,126,121,0,0,0,0,0,0,0,0,0,0,0,1,0,1,0,0,1,0,0,0,1,18.155,25.921,3,110.0,4,2,1,0,4.260868456077939,5.091267032871091,0.4,0.6,5.052777858514123
247,2023-wimbledon-1301,Carlos Alcaraz,Nicolas Jarry,03:15:12,4,4,248,2,1,0,3,40,40,1,2,1,127,121,0,0,0,0,1,0,F,0,0,0,0,1,0,1,0,0,0,0,0,0,0,9.226,9.783,3,111.0,4,1,1,0,3.0374331268358814,3.1277787645548076,0.6,0.4,4.78263503444332
248,2023-wimbledon-1301,Carlos Alcaraz,Nicolas Jarry,03:15:53,4,4,249,2,1,0,3,AD,40,1,2,1,128,121,1,0,0,0,0,0,0,0,0,0,1,0,0,0,0,0,0,0,0,0,0,23.988,22.561,7,90.0,2,1,1,0,4.89775458756357,4.749842102638781,0.8,0.2,4.847366084577044
249,2023-wimbledon-1301,Carlos Alcaraz,Nicolas Jarry,03:16:58,4,5,250,2,1,1,3,0,0,2,1,2,128,122,0,0,0,0,0,0,0,0,0,0,0,0,0,0,0,0,0,0,0,0,0,14.05,8.179,1,113.0,4,2,1,0,3.7483329627982624,2.859895102971436,0.8,0.2,5.0566391461358755
250,2023-wimbledon-1301,Carlos Alcaraz,Nicolas Jarry,03:17:22,4,5,251,2,1,1,3,0,15,2,1,1,129,122,0,0,0,0,0,0,0,0,0,0,1,0,0,0,0,0,0,0,0,0,0,11.046,4.252,2,129.0,2,1,1,0,3.323552316422896,2.0620378270051205,0.8,0.2,5.709948514365777
251,2023-wimbledon-1301,Carlos Alcaraz,Nicolas Jarry,03:17:55,4,5,252,2,1,1,3,15,15,2,2,2,129,123,0,0,0,0,0,1,F,0,0,0,0,0,1,0,1,0,0,0,0,0,0,13.185,8.237,3,99.0,2,1,1,0,3.6311155310730614,2.8700174215499112,0.6,0.4,5.8284675929109895
252,2023-wimbledon-1301,Carlos Alcaraz,Nicolas Jarry,03:18:44,4,5,253,2,1,1,3,15,30,2,1,2,129,124,0,0,0,0,0,1,B,0,0,0,0,0,0,0,0,0,0,0,0,0,0,16.359,7.683,3,123.0,3,1,1,0,4.044626064298157,2.7718225051398946,0.4,0.6,6.2667529795552435
253,2023-wimbledon-1301,Carlos Alcaraz,Nicolas Jarry,03:19:13,4,5,254,2,1,1,3,15,40,2,1,1,130,124,0,0,0,0,0,0,0,0,0,0,1,0,0,0,0,0,0,0,0,0,0,12.312,4.519,2,128.0,3,1,1,0,3.508845964131227,2.1257939693206396,0.4,0.6,6.904564510469182
254,2023-wimbledon-1301,Carlos Alcaraz,Nicolas Jarry,03:19:46,4,5,255,2,1,1,3,30,40,2,1,1,131,124,0,0,0,0,0,0,0,0,0,0,1,0,0,0,0,0,0,0,0,0,0,20.628,14.913,4,131.0,2,1,1,0,4.541805808266135,3.8617353612074456,0.6,0.4,7.190674917381076
255,2023-wimbledon-1301,Carlos Alcaraz,Nicolas Jarry,03:20:21,4,5,256,2,1,1,3,40,40,2,1,2,131,125,0,0,0,0,0,0,0,0,0,1,0,0,0,0,0,0,0,0,0,0,0,13.0,11.521,3,131.0,3,1,1,0,3.605551275463989,3.3942598604113976,0.4,0.6,7.37510007533237
256,2023-wimbledon-1301,Carlos Alcaraz,Nicolas Jarry,03:20:54,4,5,257,2,1,1,3,40,AD,2,1,2,131,126,2,0,0,1,0,1,0,0,0,0,0,0,0,0,0,0,0,0,0,0,0,1.865,1.001,1,116.0,3,2,1,1,1.3656500283747663,1.000499875062461,0.4,0.6,7.44137937087477
257,2023-wimbledon-1301,Carlos Alcaraz,Nicolas Jarry,03:22:58,4,6,258,2,1,1,4,0,0,1,2,2,131,127,0,0,0,0,0,0,0,1,0,1,0,0,0,0,0,0,0,0,0,0,0,7.196,14.763,0,123.0,3,1,1,0,2.682536113456816,3.8422649570273,0.4,0.6,6.806654898748493
258,2023-wimbledon-1301,Carlos Alcaraz,Nicolas Jarry,03:23:55,4,6,259,2,1,1,4,0,15,1,2,1,132,127,0,0,0,0,0,0,0,0,0,0,1,0,0,0,0,0,0,0,0,0,0,18.567,17.63,5,92.0,4,2,2,0,4.308944186224742,4.198809355043403,0.4,0.6,6.674892172085178
259,2023-wimbledon-1301,Carlos Alcaraz,Nicolas Jarry,03:25:03,4,6,260,2,1,1,4,15,15,1,1,1,133,127,0,0,0,0,0,0,0,0,0,0,0,0,0,0,0,0,0,0,0,0,0,2.312,3.127,1,113.0,4,1,2,0,1.520526224699857,1.7683325479106016,0.4,0.6,6.222639312153543
260,2023-wimbledon-1301,Carlos Alcaraz,Nicolas Jarry,03:25:28,4,6,261,2,1,1,4,30,15,1,1,1,134,127,0,0,0,0,0,0,0,0,0,0,0,1,0,1,0,0,0,0,0,0,0,20.729,34.339,5,113.0,4,2,1,0,4.552911156611778,5.859948805237124,0.6,0.4,5.467808167295905
261,2023-wimbledon-1301,Carlos Alcaraz,Nicolas Jarry,03:26:04,4,6,262,2,1,1,4,40,15,1,1,1,135,127,1,0,1,0,1,0,0,0,0,0,0,0,0,0,0,0,0,0,0,0,0,0.0,0.0,1,131.0,3,1,1,1,0.0,0.0,0.8,0.2,
262,2023-wimbledon-1301,Carlos Alcaraz,Nicolas Jarry,03:27:02,4,7,263,2,1,2,4,0,0,2,1,1,136,127,0,0,0,0,0,0,0,0,0,0,0,0,0,0,0,0,0,0,0,0,0,66.051,71.082,16,126.0,1,1,2,0,8.127176631524629,8.431014173870187,1.0,0.0,
263,2023-wimbledon-1301,Carlos Alcaraz,Nicolas Jarry,03:28:08,4,7,264,2,1,2,4,15,0,2,2,1,137,127,0,0,0,0,0,0,0,0,1,0,1,0,0,0,0,0,0,0,0,0,0,5.41,4.731,0,123.0,4,2,2,0,2.3259406699226015,2.1750862051881987,1.0,0.0,
264,2023-wimbledon-1301,Carlos Alcaraz,Nicolas Jarry,03:28:56,4,7,265,2,1,2,4,30,0,2,1,2,137,128,0,0,0,0,0,0,0,0,0,0,0,0,0,0,0,0,0,0,0,0,0,6.454,4.538,1,129.0,1,2,2,0,2.5404723970159564,2.1302582003128165,0.8,0.2,
265,2023-wimbledon-1301,Carlos Alcaraz,Nicolas Jarry,03:29:21,4,7,266,2,1,2,4,30,15,2,1,1,138,128,0,0,0,0,0,0,0,0,0,0,0,0,1,0,0,0,0,0,0,0,0,5.555,5.758,2,129.0,4,2,1,0,2.356904749878535,2.3995832971580713,0.8,0.2,
266,2023-wimbledon-1301,Carlos Alcaraz,Nicolas Jarry,03:29:54,4,7,267,2,1,2,4,40,15,2,1,2,138,129,0,0,0,0,0,1,F,0,0,0,0,0,0,0,0,1,0,0,0,1,0,12.044,7.425,3,129.0,1,2,1,0,3.4704466571321912,2.7248853186877424,0.6,0.4,
267,2023-wimbledon-1301,Carlos Alcaraz,Nicolas Jarry,03:30:31,4,7,268,2,1,2,4,40,30,2,1,1,139,129,1,0,0,0,0,0,0,0,0,0,1,0,1,0,0,1,0,1,0,0,0,11.127,11.612,2,129.0,4,2,1,0,3.335715815233666,3.4076384784774336,0.6,0.4,
268,2023-wimbledon-1301,Carlos Alcaraz,Nicolas Jarry,03:32:27,4,8,269,2,1,3,4,0,0,1,1,1,140,129,0,0,0,0,0,0,0,0,0,0,0,0,0,0,0,0,0,0,0,0,0,29.269,23.931,7,123.0,3,2,2,0,5.410083178658161,4.8919321336257315,0.6,0.4,
269,2023-wimbledon-1301,Carlos Alcaraz,Nicolas Jarry,03:33:01,4,8,270,2,1,3,4,15,0,1,2,1,141,129,0,0,0,0,1,0,F,0,0,0,0,0,0,0,0,0,0,0,0,0,0,5.17,12.344,3,90.0,4,2,1,0,2.2737634001804143,3.5134029088620053,0.8,0.2,5.642733141835123
270,2023-wimbledon-1301,Carlos Alcaraz,Nicolas Jarry,03:33:45,4,8,271,2,1,3,4,30,0,1,2,2,141,130,0,0,0,0,0,0,0,1,0,1,0,0,0,0,0,0,0,0,0,0,0,4.901,6.558,0,123.0,1,2,1,0,2.213820227570432,2.560859230805161,0.6,0.4,5.518693595189797
271,2023-wimbledon-1301,Carlos Alcaraz,Nicolas Jarry,03:34:24,4,8,272,2,1,3,4,30,15,1,1,1,142,130,0,0,0,0,0,0,0,0,0,0,0,0,0,0,0,0,0,0,0,0,0,2.559,2.69,1,113.0,1,1,1,0,1.59968746947646,1.6401219466856725,0.8,0.2,5.309298689397811
272,2023-wimbledon-1301,Carlos Alcaraz,Nicolas Jarry,03:34:53,4,8,273,2,1,3,4,40,15,1,1,1,143,130,1,0,0,0,0,0,0,0,0,0,0,0,0,0,0,0,0,0,0,0,0,4.559,5.6,1,115.0,4,1,1,0,2.1351814911149827,2.3664319132398464,0.8,0.2,5.269105850691865
273,2023-wimbledon-1301,Carlos Alcaraz,Nicolas Jarry,03:35:32,4,9,274,2,1,4,4,0,0,2,1,2,143,131,0,0,0,0,0,0,0,0,0,0,0,0,0,0,0,0,0,0,0,0,0,6.958,3.314,1,108.0,4,2,2,0,2.637802115398348,1.8204395073717776,0.6,0.4,5.212961386039657
274,2023-wimbledon-1301,Carlos Alcaraz,Nicolas Jarry,03:35:54,4,9,275,2,1,4,4,0,15,2,1,1,144,131,0,0,0,0,0,0,0,0,0,0,1,0,0,0,0,0,0,0,0,0,0,21.572,16.683,4,121.0,3,1,2,0,4.644566718220333,4.084482831399834,0.6,0.4,5.299351766331283
275,2023-wimbledon-1301,Carlos Alcaraz,Nicolas Jarry,03:36:26,4,9,276,2,1,4,4,15,15,2,1,2,144,132,0,0,0,1,0,1,0,0,0,0,0,0,0,0,0,0,0,0,0,0,0,1.796,1.106,1,110.0,4,2,1,1,1.3401492454200763,1.0516653460107925,0.6,0.4,5.332091105076202
276,2023-wimbledon-1301,Carlos Alcaraz,Nicolas Jarry,03:36:52,4,9,277,2,1,4,4,15,30,2,1,2,144,133,0,0,0,0,0,1,F,0,0,0,0,0,1,0,1,0,0,0,0,0,0,14.401,6.747,3,110.0,3,1,1,0,3.794864951483781,2.5974987969198366,0.4,0.6,5.978093811254885
277,2023-wimbledon-1301,Carlos Alcaraz,Nicolas Jarry,03:37:21,4,9,278,2,1,4,4,15,40,2,2,2,144,134,2,0,0,0,0,0,0,0,0,1,0,1,0,0,0,0,0,0,0,0,0,28.05,22.624,7,105.0,1,1,2,0,5.296225070746145,4.75646927878232,0.2,0.8,6.253500922918743
278,2023-wimbledon-1301,Carlos Alcaraz,Nicolas Jarry,03:39:32,4,10,279,2,1,4,5,0,0,1,2,1,145,134,0,0,0,0,1,0,B,0,0,0,0,0,0,0,0,0,0,0,0,0,0,8.178,10.283,3,101.0,1,1,1,0,2.8597202660400196,3.2067117113953354,0.4,0.6,6.309363092833308
279,2023-wimbledon-1301,Carlos Alcaraz,Nicolas Jarry,03:40:14,4,10,280,2,1,4,5,15,0,1,2,1,146,134,0,0,0,0,0,0,0,0,0,0,1,0,0,0,0,0,0,0,0,0,0,9.464,9.553,3,92.0,2,1,1,0,3.0763614872118006,3.0907927785602194,0.4,0.6,6.509630987007519
280,2023-wimbledon-1301,Carlos Alcaraz,Nicolas Jarry,03:41:00,4,10,281,2,1,4,5,30,0,1,1,2,146,135,0,0,0,0,0,0,0,0,0,1,0,0,0,0,0,0,0,0,0,0,0,15.671,18.724,4,124.0,1,1,1,0,3.958661389914525,4.327123756030096,0.4,0.6,6.08311094701016
281,2023-wimbledon-1301,Carlos Alcaraz,Nicolas Jarry,03:41:32,4,10,282,2,1,4,5,30,15,1,1,1,147,135,0,0,0,0,1,0,F,0,0,0,0,1,0,1,0,0,0,0,0,0,0,35.211,41.728,11,121.0,3,1,2,0,5.933885742074918,6.459721356219632,0.6,0.4,5.959109265866428
282,2023-wimbledon-1301,Carlos Alcaraz,Nicolas Jarry,03:42:16,4,10,283,2,1,4,5,40,15,1,1,2,147,136,0,0,0,0,0,0,0,0,0,0,0,1,0,0,0,0,0,0,0,0,0,6.304,5.466,2,115.0,4,1,1,0,2.5107767722360346,2.337947818066092,0.6,0.4,5.759479280185947
283,2023-wimbledon-1301,Carlos Alcaraz,Nicolas Jarry,03:42:48,4,10,284,2,1,4,5,40,30,1,2,2,147,137,0,0,0,0,0,0,0,0,0,0,0,0,0,0,0,0,0,0,0,0,0,18.374,24.586,6,95.0,4,1,1,0,4.286490405914844,4.958427169980416,0.4,0.6,5.216341178859153
284,2023-wimbledon-1301,Carlos Alcaraz,Nicolas Jarry,03:43:49,4,10,285,2,1,4,5,40,40,1,1,1,148,137,0,0,0,0,1,0,F,0,0,0,0,0,0,0,0,0,0,0,0,0,0,9.086,13.871,3,129.0,3,2,2,0,3.014299255216708,3.7243791428907986,0.4,0.6,4.9700021084005614
285,2023-wimbledon-1301,Carlos Alcaraz,Nicolas Jarry,03:44:23,4,10,286,2,1,4,5,AD,40,1,1,1,149,137,1,0,0,0,0,0,0,0,0,0,0,0,0,0,0,0,0,0,0,0,0,3.861,4.678,1,113.0,3,1,1,0,1.9649427472575378,2.162868465718616,0.6,0.4,4.998849473280613
286,2023-wimbledon-1301,Carlos Alcaraz,Nicolas Jarry,03:45:10,4,11,287,2,1,5,5,0,0,2,1,2,149,138,0,0,0,0,0,0,0,0,0,0,0,0,0,0,0,0,0,0,0,0,0,14.701,6.51,1,125.0,1,2,1,0,3.8341883104511183,2.5514701644346145,0.4,0.6,5.252126247436529
287,2023-wimbledon-1301,Carlos Alcaraz,Nicolas Jarry,03:45:48,4,11,288,2,1,5,5,0,15,2,2,1,150,138,0,0,0,0,0,0,0,0,0,0,0,1,0,1,0,0,0,0,0,0,0,10.826,11.492,2,92.0,4,1,2,0,3.2902887411289607,3.3899852507053776,0.6,0.4,5.318879093591233
288,2023-wimbledon-1301,Carlos Alcaraz,Nicolas Jarry,03:46:28,4,11,289,2,1,5,5,15,15,2,1,2,150,139,0,0,0,0,0,1,F,0,0,0,0,0,1,0,1,0,0,0,0,0,0,26.067,25.256,9,130.0,1,1,1,0,5.105585177038965,5.025534797412112,0.6,0.4,5.413774719377365
289,2023-wimbledon-1301,Carlos Alcaraz,Nicolas Jarry,03:47:15,4,11,290,2,1,5,5,15,30,2,1,1,151,139,0,0,0,0,0,0,0,0,0,0,0,0,0,0,0,0,0,0,0,0,0,17.319,11.144,4,113.0,3,1,2,0,4.161610265269923,3.338263021393012,0.6,0.4,5.47753194803707
290,2023-wimbledon-1301,Carlos Alcaraz,Nicolas Jarry,03:47:51,4,11,291,2,1,5,5,30,30,2,2,1,152,139,0,0,0,0,0,0,0,0,0,0,1,0,1,0,0,0,0,0,0,0,0,31.781,21.505,6,113.0,4,1,2,0,5.637463968842727,4.637348380270777,0.6,0.4,5.760562071283598
291,2023-wimbledon-1301,Carlos Alcaraz,Nicolas Jarry,03:48:58,4,11,292,2,1,5,5,40,30,2,2,1,153,139,1,0,0,0,1,0,B,0,0,0,0,0,0,0,0,1,0,1,0,0,0,6.414,5.129,2,108.0,4,1,2,0,2.532587609540882,2.2647295644292718,0.8,0.2,6.077577629347177
292,2023-wimbledon-1301,Carlos Alcaraz,Nicolas Jarry,03:50:55,4,12,293,2,1,6,5,0,0,1,2,2,153,140,0,0,0,0,0,0,0,0,0,1,0,0,0,0,0,0,0,0,0,0,0,36.084,26.436,8,112.0,2,1,2,0,6.00699592142362,5.14159508324022,0.6,0.4,6.3454798386402915
293,2023-wimbledon-1301,Carlos Alcaraz,Nicolas Jarry,03:51:52,4,12,294,2,1,6,5,0,15,1,1,1,154,140,0,0,0,0,0,0,0,0,0,0,0,1,0,1,0,0,0,0,0,0,0,16.595,20.15,5,120.0,3,1,1,0,4.073696110413736,4.488875137492688,0.8,0.2,5.839282619509136
294,2023-wimbledon-1301,Carlos Alcaraz,Nicolas Jarry,03:52:30,4,12,295,2,1,6,5,15,15,1,2,1,155,140,0,0,0,0,1,0,F,0,0,0,0,0,1,0,0,0,0,0,0,0,0,27.722,36.86,3,104.0,2,2,1,0,5.265168563303553,6.071243694664216,0.8,0.2,5.8450900104753
295,2023-wimbledon-1301,Carlos Alcaraz,Nicolas Jarry,03:53:25,4,12,296,2,1,6,5,30,15,1,1,2,155,141,0,0,0,0,0,0,0,0,0,0,0,1,0,0,0,0,0,0,0,0,0,10.044,9.281,2,130.0,4,1,1,0,3.1692270350986216,3.0464733709651886,0.6,0.4,5.899296079669005
296,2023-wimbledon-1301,Carlos Alcaraz,Nicolas Jarry,03:54:01,4,12,297,2,1,6,5,30,30,1,1,2,155,142,0,0,0,0,0,1,B,0,0,0,0,0,0,0,0,0,0,0,0,0,0,52.318,58.723,14,113.0,4,1,1,0,7.233118276372923,7.6630933701736925,0.4,0.6,5.650723706473306
297,2023-wimbledon-1301,Carlos Alcaraz,Nicolas Jarry,03:55:02,4,12,298,2,1,6,5,30,40,1,1,1,156,142,0,0,0,0,0,0,0,0,0,0,0,0,0,0,0,0,1,0,0,0,1,2.056,1.509,1,129.0,2,1,1,0,1.4338758663147937,1.2284136111261548,0.6,0.4,5.537450964436219
298,2023-wimbledon-1301,Carlos Alcaraz,Nicolas Jarry,03:55:34,4,12,299,2,1,6,5,40,40,1,1,1,157,142,0,0,0,0,0,0,0,0,0,0,0,0,0,0,0,0,0,0,0,0,0,12.292,32.582,1,128.0,3,1,1,0,3.5059948659403366,5.70806447055392,0.6,0.4,5.207804884156918
299,2023-wimbledon-1301,Carlos Alcaraz,Nicolas Jarry,03:56:11,4,12,300,2,1,6,5,AD,40,1,1,1,158,142,1,1,0,0,0,0,0,0,0,0,0,0,0,0,0,0,0,0,0,0,0,3.767,6.518,1,116.0,4,1,1,0,1.9408760908414529,2.553037406698147,0.6,0.4,4.872566010430511
